-- ============================================================
-- 데이터베이스 생성 SQL
-- 생성일: 2026-04-05
-- ============================================================

CREATE DATABASE IF NOT EXISTS capstone_db
    CHARACTER SET utf8mb4
    COLLATE utf8mb4_unicode_ci;

USE capstone_db;

-- ============================================================
-- 1. user 테이블
-- ============================================================
CREATE TABLE IF NOT EXISTS user (
    user_id     VARCHAR(20)  NOT NULL COMMENT '사용자 ID',
    password    VARCHAR(64)  NOT NULL COMMENT '비밀번호 (SHA-256 해시)',
    role        ENUM('student', 'admin') NOT NULL DEFAULT 'student' COMMENT '사용자 권한',
    PRIMARY KEY (user_id)
) ENGINE=InnoDB DEFAULT CHARSET=utf8mb4 COMMENT='사용자 계정';

-- ============================================================
-- 2. student_profile 테이블
-- ============================================================
CREATE TABLE IF NOT EXISTS student_profile (
    user_id          VARCHAR(20)      NOT NULL COMMENT '사용자 ID (FK)',
    student_id       INT              NOT NULL COMMENT '학번',
    name             VARCHAR(50)      NOT NULL COMMENT '이름',
    phone            VARCHAR(20)          NULL COMMENT '전화번호',
    email_add        VARCHAR(100)         NULL COMMENT '이메일',
    major            VARCHAR(50)          NULL COMMENT '전공',
    current_semester TINYINT UNSIGNED NOT NULL DEFAULT 1 COMMENT '현재 학기',
    status           VARCHAR(10)      NOT NULL COMMENT '재학 상태 (재학/휴학)',
    PRIMARY KEY (student_id),
    UNIQUE  KEY uq_sp_user_id (user_id),
    CONSTRAINT fk_sp_user FOREIGN KEY (user_id) REFERENCES user(user_id)
        ON UPDATE CASCADE ON DELETE CASCADE
) ENGINE=InnoDB DEFAULT CHARSET=utf8mb4 COMMENT='학생 프로필';

-- ============================================================
-- 3. enrollment 테이블
-- ============================================================
CREATE TABLE IF NOT EXISTS enrollment (
    id               BIGINT UNSIGNED  NOT NULL AUTO_INCREMENT COMMENT 'PK',
    student_id       INT              NOT NULL COMMENT '학번 (FK)',
    current_semester TINYINT UNSIGNED NOT NULL COMMENT '수강 학기',
    course_name      VARCHAR(100)     NOT NULL COMMENT '과목명',
    course_professor VARCHAR(50)          NULL COMMENT '담당 교수',
    course_grade     DECIMAL(3,1)         NULL COMMENT '과목 성적',
    PRIMARY KEY (id),
    CONSTRAINT fk_enr_student FOREIGN KEY (student_id) REFERENCES student_profile(student_id)
        ON UPDATE CASCADE ON DELETE CASCADE
) ENGINE=InnoDB DEFAULT CHARSET=utf8mb4 COMMENT='수강 내역';

-- ============================================================
-- 4. registration 테이블  (원본 파일명: registrarion.csv)
-- ============================================================
CREATE TABLE IF NOT EXISTS registration (
    id           BIGINT UNSIGNED NOT NULL AUTO_INCREMENT COMMENT 'PK',
    student_id   INT             NOT NULL COMMENT '학번 (FK)',
    reg_status   VARCHAR(20)     NOT NULL COMMENT '등록 처리 상태 (완료/미납/취소대기)',
    status       VARCHAR(10)     NOT NULL COMMENT '재학 상태',
    paid_amount  INT UNSIGNED    NOT NULL DEFAULT 0 COMMENT '납부 금액',
    reg_date     DATE                NULL COMMENT '등록일',
    PRIMARY KEY (id),
    CONSTRAINT fk_reg_student FOREIGN KEY (student_id) REFERENCES student_profile(student_id)
        ON UPDATE CASCADE ON DELETE CASCADE
) ENGINE=InnoDB DEFAULT CHARSET=utf8mb4 COMMENT='등록 정보';

-- ============================================================
-- 5. grade 테이블
-- ============================================================
CREATE TABLE IF NOT EXISTS grade (
    id             BIGINT UNSIGNED  NOT NULL AUTO_INCREMENT COMMENT 'PK',
    student_id     INT              NOT NULL COMMENT '학번 (FK)',
    semester       TINYINT UNSIGNED NOT NULL COMMENT '학기',
    course_name    VARCHAR(100)     NOT NULL COMMENT '과목명',
    course_grade   DECIMAL(3,1)         NULL COMMENT '과목 성적',
    semester_grade DECIMAL(4,2)         NULL COMMENT '학기 평균 성적',
    avg_grade      DECIMAL(4,2)         NULL COMMENT '전체 평균 성적',
    PRIMARY KEY (id),
    CONSTRAINT fk_grade_student FOREIGN KEY (student_id) REFERENCES student_profile(student_id)
        ON UPDATE CASCADE ON DELETE CASCADE
) ENGINE=InnoDB DEFAULT CHARSET=utf8mb4 COMMENT='성적 정보';

-- ============================================================
-- INSERT: user
-- ============================================================
INSERT INTO user (user_id, password, role) VALUES ('user_202300001', '6a2d82ad3dc189ac13e37c3a602ed77522c9fa134060c4a4a32fbe4fddfb22e5', 'student');
INSERT INTO user (user_id, password, role) VALUES ('user_201800002', 'e0e406ca1f93f9fe755d3d55fa12aac997347ee0c971b1bd5cd52a05bbbd45f9', 'student');
INSERT INTO user (user_id, password, role) VALUES ('user_201800003', '0bd56cd6df2dfeac2ad63b146f9bd7e361f7508a593b7923dfbe03c5993e977e', 'student');
INSERT INTO user (user_id, password, role) VALUES ('user_202300004', '96272f43433cbcdef31377f77a52bf8980777b71373d1bf58996de3a7fe8834c', 'student');
INSERT INTO user (user_id, password, role) VALUES ('user_202000005', 'd4eda829e72fe31643195fd2396637bf830dd7f5ef465996756ea0bb19ee1dee', 'student');
INSERT INTO user (user_id, password, role) VALUES ('user_201900006', '6aa35ca83578259f23a8c516c8e2108340cf616fcc08e0965ff4721a78c0c3d0', 'student');
INSERT INTO user (user_id, password, role) VALUES ('user_201900007', 'b47ad652964cf72e1e9dc0aa867345d2722ebc6b97c40970282ade73ede2be82', 'student');
INSERT INTO user (user_id, password, role) VALUES ('user_201900008', '30a8a29a44f68a25dfd4987f3634ad8ffc4a844e93aae7c86c9f25a090e75546', 'student');
INSERT INTO user (user_id, password, role) VALUES ('user_202300009', 'e3b24ac26866d437a0c35158d9be1679b44348c546817171e6a263cc84ce00ba', 'student');
INSERT INTO user (user_id, password, role) VALUES ('user_201800010', 'e895db768c54c7ade2a783e13c07acb8d28399b1e8a858071859ff1ab0bce6b6', 'student');
INSERT INTO user (user_id, password, role) VALUES ('user_202300011', 'ac3a94bf8f8277817fe2c6448eb6491676e25d94154763e6a7b30c896b9cb734', 'student');
INSERT INTO user (user_id, password, role) VALUES ('user_202300012', 'f96246ec0727bca1196364652e0918d0e64aff6896f30dbb2a50ffeb74fc87f8', 'student');
INSERT INTO user (user_id, password, role) VALUES ('user_202200013', '5e2b790e1df477509b1751fddbce24e24f508a9521861032e39f990f46274565', 'student');
INSERT INTO user (user_id, password, role) VALUES ('user_201800014', '2cec5365594919af5a6953d364fc106e9e033c3f5a644519e5526c17f02e77d3', 'student');
INSERT INTO user (user_id, password, role) VALUES ('user_202200015', 'a245a19830cadbd25983a365f09c95ba1668a3a3a4d7639a58d75f55e54e3015', 'student');
INSERT INTO user (user_id, password, role) VALUES ('user_202100016', 'c58a021b4b3ba4681cedac81ea40a487bdd564ce5ed2e5381e7207031db9104d', 'student');
INSERT INTO user (user_id, password, role) VALUES ('user_201800017', '0b01661413123562a3bc98c2f7aef8aedf18c77c243e786872e421eae4896cbc', 'student');
INSERT INTO user (user_id, password, role) VALUES ('user_201800018', '88b200b9c73e58769eb7c0228eb7c82c7f26af855cc1f9bf4aa4507975ab0211', 'student');
INSERT INTO user (user_id, password, role) VALUES ('user_201800019', '884491c206103f98205cd3f0ed73c77e323a85f29822766e1fe5996b54fe3173', 'student');
INSERT INTO user (user_id, password, role) VALUES ('user_201900020', '70765587f469cadbbb9060037bbe462507bb2572ef29ee5710a73bb1a47e1482', 'student');
INSERT INTO user (user_id, password, role) VALUES ('user_201900021', '068cbcc0612883f94f2a83d45228b8d203aea6f449a402d419967f409c1938ae', 'student');
INSERT INTO user (user_id, password, role) VALUES ('user_202200022', 'dc81aeada2555438c1eff0c3e003a5d7e0f86d459440815ec0dae601e71be125', 'student');
INSERT INTO user (user_id, password, role) VALUES ('user_202200023', '01e374958d19b9d033981e745c9204d10db30f45f3533b0b97854e15c07c59e1', 'student');
INSERT INTO user (user_id, password, role) VALUES ('user_201800024', 'ca169c4c6796bc26d1f224aa7d7d7675054705456fe1ccde6ded6bddff913750', 'student');
INSERT INTO user (user_id, password, role) VALUES ('user_202200025', '800aa4f6091a5743676300994dd5a1f0f206cd57baf2f2a42e9e5efa6ca620ab', 'student');
INSERT INTO user (user_id, password, role) VALUES ('user_201900026', '9a3f2076545a40dabac684ae814911a7e6beed9ba9ad4b9f246ad941d55e51c1', 'student');
INSERT INTO user (user_id, password, role) VALUES ('user_202300027', 'a9c48f2a10120f877e9afffec35a8e788e1d77f91d49df95ec9afde3661ce527', 'student');
INSERT INTO user (user_id, password, role) VALUES ('user_202300028', 'dc83d5418c7ba90b252be04d8aa85006ab320c3f42fb563bb983144c02c143db', 'student');
INSERT INTO user (user_id, password, role) VALUES ('user_202300029', '0bbc3a2171fa35b40372d5cfdd492bd75715c8300d9d08eb6191f801e5f90510', 'student');
INSERT INTO user (user_id, password, role) VALUES ('user_202200030', '41009b2c6d2726a321369a95fc1b2fe46260b7be19a1e8b8999bc1da10da5c6f', 'student');
INSERT INTO user (user_id, password, role) VALUES ('user_202100031', 'c152b245964a67e7a135a34df38b3f5de8d4a3e7e5fa0e95b8ef73655f77da9c', 'student');
INSERT INTO user (user_id, password, role) VALUES ('user_201900032', 'd6bf9bfd5973d2131ba7cf0e232417cc3e6f2a90d5724c67afa6e5c380899fb6', 'student');
INSERT INTO user (user_id, password, role) VALUES ('user_202100033', '05b3297f35419d1f05f6c01401298b039dbd38784c8ea661ab99a27cc3642e43', 'student');
INSERT INTO user (user_id, password, role) VALUES ('user_202200034', '269976da7f6d9a773365d5f8d48bdd2a5fc7afd2177c974b0f894a062e6be3fa', 'student');
INSERT INTO user (user_id, password, role) VALUES ('user_202000035', 'ffdbe9a1696681f07b614d4b4d06c312315fea4786aa6f1918b8c83a054681bf', 'student');
INSERT INTO user (user_id, password, role) VALUES ('user_202400036', '365f1ad20c6cc58c2881c80742de25ff23bf726ec70c50760d45a06af74ff16f', 'student');
INSERT INTO user (user_id, password, role) VALUES ('user_202400037', '56527cbf2b9d00173487e2369037262cd21a4783358203581bbf99bef294b40f', 'student');
INSERT INTO user (user_id, password, role) VALUES ('user_201800038', 'e9556f1844008658312caef43ad80aece47f912aa704731e497f2341b9f87b60', 'student');
INSERT INTO user (user_id, password, role) VALUES ('user_202400039', 'a0a07597f8656a532271086111d0e907b7a87cc88526cd0a8b32c5bf325ef5ad', 'student');
INSERT INTO user (user_id, password, role) VALUES ('user_202400040', '30b2b76c1044bb38a5de54988b42fffacbdac37c7aefefa1a6649e69cf8b621b', 'student');
INSERT INTO user (user_id, password, role) VALUES ('user_201900041', '14e564c6b8cc8674e391f86237b2bb5722ea1f8786f9063028acd6564030db19', 'student');
INSERT INTO user (user_id, password, role) VALUES ('user_202300042', 'e1cdee3f8ada63b5f1338f7d0095ebf5a66ef37217bc13fcad9df032045eb4d9', 'student');
INSERT INTO user (user_id, password, role) VALUES ('user_202100043', 'b82f88f9b9725d8405ff73e119b602a5e8a341e28b957dc33a522904ad4608b4', 'student');
INSERT INTO user (user_id, password, role) VALUES ('user_202000044', 'e1e9fb18545f0f141d174582fa890a3373df43440124aaf8d17e748c691bbd28', 'student');
INSERT INTO user (user_id, password, role) VALUES ('user_202000045', '780a9763b5ec3bcb26fb3d09f28ad4b4ee0e46f46d66b62f98cd33b03800afe5', 'student');
INSERT INTO user (user_id, password, role) VALUES ('user_201900046', '3391357d3f7a7dd4ca608c7fef5b8df27e1575eba40c7bfffee068ced8a4407e', 'student');
INSERT INTO user (user_id, password, role) VALUES ('user_201900047', 'e759d09b26f0b07663e77a0cb1f3879d47184fea8809aa5c3ebb5c68552e85d3', 'student');
INSERT INTO user (user_id, password, role) VALUES ('user_202400048', '1a10b3aec665b9fa70e58c1f614eb4b428ed6a607617d0637595adffc57bf360', 'student');
INSERT INTO user (user_id, password, role) VALUES ('user_202000049', '4c116b3f11705e508c6b021aa982261231297926dc23c0c72485290bff171b76', 'student');
INSERT INTO user (user_id, password, role) VALUES ('user_201800050', '2464d018a07bd622126cbb31153453150dbdfd399a4c3281ee4a2f741c34bc98', 'student');
INSERT INTO user (user_id, password, role) VALUES ('admin_001', '76a31c1f4e87adf6dd48bd09a099356f89db88c22c1b6f817345762a759fa78e', 'admin');
INSERT INTO user (user_id, password, role) VALUES ('admin_002', '570169e857f558279e40e597da595fff4dbe7bc6ddc89487e174a3209dc1b200', 'admin');

-- ============================================================
-- INSERT: student_profile
-- ============================================================
INSERT INTO student_profile (user_id, student_id, name, phone, email_add, major, current_semester, status) VALUES ('user_202300001', 202300001, '배경희', '031-455-6238', 'ycoe@example.org', '컴퓨터공학과', 7, '재학');
INSERT INTO student_profile (user_id, student_id, name, phone, email_add, major, current_semester, status) VALUES ('user_201800002', 201800002, '김준호', '016-379-2374', 'agim@example.com', '경영학과', 5, '휴학');
INSERT INTO student_profile (user_id, student_id, name, phone, email_add, major, current_semester, status) VALUES ('user_201800003', 201800003, '장민지', '062-594-6474', 'hyejingo@example.org', '수학과', 2, '휴학');
INSERT INTO student_profile (user_id, student_id, name, phone, email_add, major, current_semester, status) VALUES ('user_202300004', 202300004, '최영환', '019-406-4090', 'sjeon@example.org', '경제학과', 2, '재학');
INSERT INTO student_profile (user_id, student_id, name, phone, email_add, major, current_semester, status) VALUES ('user_202000005', 202000005, '이은주', '016-421-0470', 'yejin14@example.com', '건축학과', 6, '재학');
INSERT INTO student_profile (user_id, student_id, name, phone, email_add, major, current_semester, status) VALUES ('user_201900006', 201900006, '김미정', '010-5884-2474', 'eunju71@example.org', '컴퓨터공학과', 2, '재학');
INSERT INTO student_profile (user_id, student_id, name, phone, email_add, major, current_semester, status) VALUES ('user_201900007', 201900007, '김정숙', '018-685-1604', 'bagyeongsug@example.net', '화학공학과', 2, '휴학');
INSERT INTO student_profile (user_id, student_id, name, phone, email_add, major, current_semester, status) VALUES ('user_201900008', 201900008, '이재현', '054-137-0985', 'sunjayun@example.com', '컴퓨터공학과', 7, '재학');
INSERT INTO student_profile (user_id, student_id, name, phone, email_add, major, current_semester, status) VALUES ('user_202300009', 202300009, '이영순', '041-004-7113', 'junhyeogi@example.net', '경영학과', 3, '재학');
INSERT INTO student_profile (user_id, student_id, name, phone, email_add, major, current_semester, status) VALUES ('user_201800010', 201800010, '박은서', '070-2617-9640', 'yeongsu73@example.com', '기계공학과', 5, '재학');
INSERT INTO student_profile (user_id, student_id, name, phone, email_add, major, current_semester, status) VALUES ('user_202300011', 202300011, '임영철', '017-506-4317', 'jangsunog@example.net', '컴퓨터공학과', 3, '재학');
INSERT INTO student_profile (user_id, student_id, name, phone, email_add, major, current_semester, status) VALUES ('user_202300012', 202300012, '김순옥', '041-931-8393', 'jeongsiggim@example.net', '기계공학과', 3, '재학');
INSERT INTO student_profile (user_id, student_id, name, phone, email_add, major, current_semester, status) VALUES ('user_202200013', 202200013, '고민재', '041-842-1020', 'eunyeong39@example.com', '화학공학과', 4, '재학');
INSERT INTO student_profile (user_id, student_id, name, phone, email_add, major, current_semester, status) VALUES ('user_201800014', 201800014, '이민수', '061-811-7758', 'bagyeongsu@example.net', '산업공학과', 4, '휴학');
INSERT INTO student_profile (user_id, student_id, name, phone, email_add, major, current_semester, status) VALUES ('user_202200015', 202200015, '안준호', '064-747-0076', 'fim@example.net', '경영학과', 7, '재학');
INSERT INTO student_profile (user_id, student_id, name, phone, email_add, major, current_semester, status) VALUES ('user_202100016', 202100016, '김미경', '016-212-4998', 'junyeong98@example.com', '기계공학과', 6, '재학');
INSERT INTO student_profile (user_id, student_id, name, phone, email_add, major, current_semester, status) VALUES ('user_201800017', 201800017, '조동현', '019-183-6736', 'jeongsun66@example.net', '수학과', 7, '휴학');
INSERT INTO student_profile (user_id, student_id, name, phone, email_add, major, current_semester, status) VALUES ('user_201800018', 201800018, '이정남', '054-271-1116', 'sinjunseo@example.org', '수학과', 3, '재학');
INSERT INTO student_profile (user_id, student_id, name, phone, email_add, major, current_semester, status) VALUES ('user_201800019', 201800019, '최윤서', '053-165-6049', 'jeonghun98@example.org', '기계공학과', 5, '재학');
INSERT INTO student_profile (user_id, student_id, name, phone, email_add, major, current_semester, status) VALUES ('user_201900020', 201900020, '박준혁', '054-851-4936', 'gangareum@example.net', '경제학과', 7, '재학');
INSERT INTO student_profile (user_id, student_id, name, phone, email_add, major, current_semester, status) VALUES ('user_201900021', 201900021, '김정식', '052-550-2296', 'gimsugja@example.org', '전기공학과', 8, '재학');
INSERT INTO student_profile (user_id, student_id, name, phone, email_add, major, current_semester, status) VALUES ('user_202200022', 202200022, '박성훈', '062-525-4599', 'yangseongjin@example.net', '산업공학과', 2, '재학');
INSERT INTO student_profile (user_id, student_id, name, phone, email_add, major, current_semester, status) VALUES ('user_202200023', 202200023, '김시우', '061-797-6438', 'isangho@example.net', '전기공학과', 7, '재학');
INSERT INTO student_profile (user_id, student_id, name, phone, email_add, major, current_semester, status) VALUES ('user_201800024', 201800024, '박정숙', '031-369-0034', 'yunseogweon@example.com', '경제학과', 7, '재학');
INSERT INTO student_profile (user_id, student_id, name, phone, email_add, major, current_semester, status) VALUES ('user_202200025', 202200025, '김정호', '042-268-3885', 'iogsun@example.com', '수학과', 5, '휴학');
INSERT INTO student_profile (user_id, student_id, name, phone, email_add, major, current_semester, status) VALUES ('user_201900026', 201900026, '허준호', '011-696-6416', 'juseongho@example.net', '산업공학과', 2, '재학');
INSERT INTO student_profile (user_id, student_id, name, phone, email_add, major, current_semester, status) VALUES ('user_202300027', 202300027, '한성호', '061-136-9681', 'vmun@example.com', '물리학과', 5, '휴학');
INSERT INTO student_profile (user_id, student_id, name, phone, email_add, major, current_semester, status) VALUES ('user_202300028', 202300028, '황도현', '017-188-3552', 'sanghyeongim@example.org', '경영학과', 2, '재학');
INSERT INTO student_profile (user_id, student_id, name, phone, email_add, major, current_semester, status) VALUES ('user_202300029', 202300029, '권은지', '042-779-9799', 'jia52@example.com', '전기공학과', 8, '재학');
INSERT INTO student_profile (user_id, student_id, name, phone, email_add, major, current_semester, status) VALUES ('user_202200030', 202200030, '박성민', '051-905-8147', 'xgim@example.com', '화학공학과', 3, '재학');
INSERT INTO student_profile (user_id, student_id, name, phone, email_add, major, current_semester, status) VALUES ('user_202100031', 202100031, '문준혁', '016-986-7980', 'kbaeg@example.net', '컴퓨터공학과', 5, '휴학');
INSERT INTO student_profile (user_id, student_id, name, phone, email_add, major, current_semester, status) VALUES ('user_201900032', 201900032, '조영일', '031-715-1820', 'yeweonjin@example.net', '물리학과', 4, '재학');
INSERT INTO student_profile (user_id, student_id, name, phone, email_add, major, current_semester, status) VALUES ('user_202100033', 202100033, '김영미', '052-665-9051', 'sangceol64@example.com', '전기공학과', 2, '재학');
INSERT INTO student_profile (user_id, student_id, name, phone, email_add, major, current_semester, status) VALUES ('user_202200034', 202200034, '윤하윤', '041-519-2546', 'seohyeonsim@example.com', '수학과', 2, '재학');
INSERT INTO student_profile (user_id, student_id, name, phone, email_add, major, current_semester, status) VALUES ('user_202000035', 202000035, '윤순옥', '041-816-8505', 'seonghun35@example.com', '경영학과', 5, '재학');
INSERT INTO student_profile (user_id, student_id, name, phone, email_add, major, current_semester, status) VALUES ('user_202400036', 202400036, '엄민재', '052-188-8059', 'seonyeonggim@example.org', '기계공학과', 2, '재학');
INSERT INTO student_profile (user_id, student_id, name, phone, email_add, major, current_semester, status) VALUES ('user_202400037', 202400037, '황지원', '042-706-5379', 'yujin73@example.net', '수학과', 2, '휴학');
INSERT INTO student_profile (user_id, student_id, name, phone, email_add, major, current_semester, status) VALUES ('user_201800038', 201800038, '차종수', '043-597-7468', 'mju@example.net', '물리학과', 3, '재학');
INSERT INTO student_profile (user_id, student_id, name, phone, email_add, major, current_semester, status) VALUES ('user_202400039', 202400039, '김재현', '054-818-1412', 'hyeonu82@example.com', '수학과', 3, '재학');
INSERT INTO student_profile (user_id, student_id, name, phone, email_add, major, current_semester, status) VALUES ('user_202400040', 202400040, '백준서', '054-060-6853', 'xji@example.org', '건축학과', 7, '휴학');
INSERT INTO student_profile (user_id, student_id, name, phone, email_add, major, current_semester, status) VALUES ('user_201900041', 201900041, '남준영', '017-522-0472', 'abag@example.org', '물리학과', 4, '재학');
INSERT INTO student_profile (user_id, student_id, name, phone, email_add, major, current_semester, status) VALUES ('user_202300042', 202300042, '김민재', '070-9861-4341', 'gimsunog@example.net', '경제학과', 6, '재학');
INSERT INTO student_profile (user_id, student_id, name, phone, email_add, major, current_semester, status) VALUES ('user_202100043', 202100043, '김지후', '016-808-9324', 'wgim@example.org', '물리학과', 8, '재학');
INSERT INTO student_profile (user_id, student_id, name, phone, email_add, major, current_semester, status) VALUES ('user_202000044', 202000044, '김정숙', '064-751-8888', 'igyeongsug@example.net', '기계공학과', 2, '재학');
INSERT INTO student_profile (user_id, student_id, name, phone, email_add, major, current_semester, status) VALUES ('user_202000045', 202000045, '이정호', '054-153-1952', 'ijeongung@example.net', '건축학과', 4, '재학');
INSERT INTO student_profile (user_id, student_id, name, phone, email_add, major, current_semester, status) VALUES ('user_201900046', 201900046, '황영수', '019-722-1704', 'donghyeongim@example.org', '산업공학과', 2, '재학');
INSERT INTO student_profile (user_id, student_id, name, phone, email_add, major, current_semester, status) VALUES ('user_201900047', 201900047, '이승민', '010-7403-4505', 'seojun56@example.com', '산업공학과', 4, '재학');
INSERT INTO student_profile (user_id, student_id, name, phone, email_add, major, current_semester, status) VALUES ('user_202400048', 202400048, '손영숙', '042-775-8416', 'ihyejin@example.org', '산업공학과', 6, '재학');
INSERT INTO student_profile (user_id, student_id, name, phone, email_add, major, current_semester, status) VALUES ('user_202000049', 202000049, '이미경', '018-447-9627', 'hyeonu59@example.com', '기계공학과', 5, '재학');
INSERT INTO student_profile (user_id, student_id, name, phone, email_add, major, current_semester, status) VALUES ('user_201800050', 201800050, '구진호', '032-658-2029', 'egim@example.org', '기계공학과', 3, '재학');

-- ============================================================
-- INSERT: enrollment
-- ============================================================
INSERT INTO enrollment (student_id, current_semester, course_name, course_professor, course_grade) VALUES (202300001, 7, '품질관리', '김은주', 0);
INSERT INTO enrollment (student_id, current_semester, course_name, course_professor, course_grade) VALUES (202300001, 7, '이산수학', '김미영', 0);
INSERT INTO enrollment (student_id, current_semester, course_name, course_professor, course_grade) VALUES (202300001, 7, '마케팅원론', '노지후', 0);
INSERT INTO enrollment (student_id, current_semester, course_name, course_professor, course_grade) VALUES (202300001, 7, '회계원리', '김윤서', 0);
INSERT INTO enrollment (student_id, current_semester, course_name, course_professor, course_grade) VALUES (202300001, 7, '경제학원론', '안옥순', 0);
INSERT INTO enrollment (student_id, current_semester, course_name, course_professor, course_grade) VALUES (202300004, 2, '공학수학', '류명자', 0);
INSERT INTO enrollment (student_id, current_semester, course_name, course_professor, course_grade) VALUES (202300004, 2, '데이터베이스', '박미영', 0);
INSERT INTO enrollment (student_id, current_semester, course_name, course_professor, course_grade) VALUES (202300004, 2, '인공지능', '이춘자', 0);
INSERT INTO enrollment (student_id, current_semester, course_name, course_professor, course_grade) VALUES (202300004, 2, '확률과통계', '박영숙', 0);
INSERT INTO enrollment (student_id, current_semester, course_name, course_professor, course_grade) VALUES (202300004, 2, '이산수학', '이영미', 0);
INSERT INTO enrollment (student_id, current_semester, course_name, course_professor, course_grade) VALUES (202000005, 6, '품질관리', '이정식', 0);
INSERT INTO enrollment (student_id, current_semester, course_name, course_professor, course_grade) VALUES (202000005, 6, '조직행동론', '오현숙', 0);
INSERT INTO enrollment (student_id, current_semester, course_name, course_professor, course_grade) VALUES (202000005, 6, '공학수학', '김윤서', 0);
INSERT INTO enrollment (student_id, current_semester, course_name, course_professor, course_grade) VALUES (202000005, 6, '확률과통계', '김정수', 0);
INSERT INTO enrollment (student_id, current_semester, course_name, course_professor, course_grade) VALUES (202000005, 6, '컴퓨터네트워크', '이지연', 0);
INSERT INTO enrollment (student_id, current_semester, course_name, course_professor, course_grade) VALUES (201900006, 2, '데이터베이스', '지서준', 0);
INSERT INTO enrollment (student_id, current_semester, course_name, course_professor, course_grade) VALUES (201900006, 2, '확률과통계', '이영미', 0);
INSERT INTO enrollment (student_id, current_semester, course_name, course_professor, course_grade) VALUES (201900006, 2, '선형대수', '박미영', 0);
INSERT INTO enrollment (student_id, current_semester, course_name, course_professor, course_grade) VALUES (201900006, 2, '경제학원론', '정중수', 0);
INSERT INTO enrollment (student_id, current_semester, course_name, course_professor, course_grade) VALUES (201900006, 2, '인공지능', '지서준', 0);
INSERT INTO enrollment (student_id, current_semester, course_name, course_professor, course_grade) VALUES (201900006, 2, '이산수학', '안옥순', 0);
INSERT INTO enrollment (student_id, current_semester, course_name, course_professor, course_grade) VALUES (201900008, 7, '인공지능', '이춘자', 0);
INSERT INTO enrollment (student_id, current_semester, course_name, course_professor, course_grade) VALUES (201900008, 7, '품질관리', '지서준', 0);
INSERT INTO enrollment (student_id, current_semester, course_name, course_professor, course_grade) VALUES (201900008, 7, '운영체제', '조정순', 0);
INSERT INTO enrollment (student_id, current_semester, course_name, course_professor, course_grade) VALUES (201900008, 7, '생산관리', '윤예원', 0);
INSERT INTO enrollment (student_id, current_semester, course_name, course_professor, course_grade) VALUES (201900008, 7, '머신러닝', '박영숙', 0);
INSERT INTO enrollment (student_id, current_semester, course_name, course_professor, course_grade) VALUES (202300009, 3, '품질관리', '박영숙', 0);
INSERT INTO enrollment (student_id, current_semester, course_name, course_professor, course_grade) VALUES (202300009, 3, '확률과통계', '류명자', 0);
INSERT INTO enrollment (student_id, current_semester, course_name, course_professor, course_grade) VALUES (202300009, 3, '컴퓨터네트워크', '김수진', 0);
INSERT INTO enrollment (student_id, current_semester, course_name, course_professor, course_grade) VALUES (202300009, 3, '회계원리', '박하윤', 0);
INSERT INTO enrollment (student_id, current_semester, course_name, course_professor, course_grade) VALUES (202300009, 3, '재무관리', '이순자', 0);
INSERT INTO enrollment (student_id, current_semester, course_name, course_professor, course_grade) VALUES (202300009, 3, '머신러닝', '오옥자', 0);
INSERT INTO enrollment (student_id, current_semester, course_name, course_professor, course_grade) VALUES (201800010, 5, '경영과학', '안옥순', 0);
INSERT INTO enrollment (student_id, current_semester, course_name, course_professor, course_grade) VALUES (201800010, 5, '선형대수', '윤보람', 0);
INSERT INTO enrollment (student_id, current_semester, course_name, course_professor, course_grade) VALUES (201800010, 5, '경제학원론', '오옥자', 0);
INSERT INTO enrollment (student_id, current_semester, course_name, course_professor, course_grade) VALUES (201800010, 5, '조직행동론', '이순자', 0);
INSERT INTO enrollment (student_id, current_semester, course_name, course_professor, course_grade) VALUES (202300011, 3, '마케팅원론', '이하은', 0);
INSERT INTO enrollment (student_id, current_semester, course_name, course_professor, course_grade) VALUES (202300011, 3, '경제학원론', '오옥자', 0);
INSERT INTO enrollment (student_id, current_semester, course_name, course_professor, course_grade) VALUES (202300011, 3, '재무관리', '노지후', 0);
INSERT INTO enrollment (student_id, current_semester, course_name, course_professor, course_grade) VALUES (202300011, 3, '공학수학', '김민재', 0);
INSERT INTO enrollment (student_id, current_semester, course_name, course_professor, course_grade) VALUES (202300011, 3, '경영과학', '이지연', 0);
INSERT INTO enrollment (student_id, current_semester, course_name, course_professor, course_grade) VALUES (202300011, 3, '인공지능', '김윤서', 0);
INSERT INTO enrollment (student_id, current_semester, course_name, course_professor, course_grade) VALUES (202300012, 3, '회계원리', '송영철', 0);
INSERT INTO enrollment (student_id, current_semester, course_name, course_professor, course_grade) VALUES (202300012, 3, '머신러닝', '김은주', 0);
INSERT INTO enrollment (student_id, current_semester, course_name, course_professor, course_grade) VALUES (202300012, 3, '알고리즘', '김윤서', 0);
INSERT INTO enrollment (student_id, current_semester, course_name, course_professor, course_grade) VALUES (202300012, 3, '데이터베이스', '이선영', 0);
INSERT INTO enrollment (student_id, current_semester, course_name, course_professor, course_grade) VALUES (202300012, 3, '자료구조', '김숙자', 0);
INSERT INTO enrollment (student_id, current_semester, course_name, course_professor, course_grade) VALUES (202300012, 3, '소프트웨어공학', '송영철', 0);
INSERT INTO enrollment (student_id, current_semester, course_name, course_professor, course_grade) VALUES (202200013, 4, '확률과통계', '박영숙', 0);
INSERT INTO enrollment (student_id, current_semester, course_name, course_professor, course_grade) VALUES (202200013, 4, '인공지능', '윤예원', 0);
INSERT INTO enrollment (student_id, current_semester, course_name, course_professor, course_grade) VALUES (202200013, 4, '회계원리', '이선영', 0);
INSERT INTO enrollment (student_id, current_semester, course_name, course_professor, course_grade) VALUES (202200013, 4, '이산수학', '이춘자', 0);
INSERT INTO enrollment (student_id, current_semester, course_name, course_professor, course_grade) VALUES (202200015, 7, '알고리즘', '김윤서', 0);
INSERT INTO enrollment (student_id, current_semester, course_name, course_professor, course_grade) VALUES (202200015, 7, '회계원리', '오현숙', 0);
INSERT INTO enrollment (student_id, current_semester, course_name, course_professor, course_grade) VALUES (202200015, 7, '이산수학', '안옥순', 0);
INSERT INTO enrollment (student_id, current_semester, course_name, course_professor, course_grade) VALUES (202200015, 7, '자료구조', '김숙자', 0);
INSERT INTO enrollment (student_id, current_semester, course_name, course_professor, course_grade) VALUES (202200015, 7, '마케팅원론', '조정순', 0);
INSERT INTO enrollment (student_id, current_semester, course_name, course_professor, course_grade) VALUES (202200015, 7, '재무관리', '송영철', 0);
INSERT INTO enrollment (student_id, current_semester, course_name, course_professor, course_grade) VALUES (202100016, 6, '품질관리', '이선영', 0);
INSERT INTO enrollment (student_id, current_semester, course_name, course_professor, course_grade) VALUES (202100016, 6, '운영체제', '김숙자', 0);
INSERT INTO enrollment (student_id, current_semester, course_name, course_professor, course_grade) VALUES (202100016, 6, '컴퓨터네트워크', '이지연', 0);
INSERT INTO enrollment (student_id, current_semester, course_name, course_professor, course_grade) VALUES (202100016, 6, '생산관리', '조정순', 0);
INSERT INTO enrollment (student_id, current_semester, course_name, course_professor, course_grade) VALUES (202100016, 6, '조직행동론', '오현숙', 0);
INSERT INTO enrollment (student_id, current_semester, course_name, course_professor, course_grade) VALUES (202100016, 6, '머신러닝', '이순자', 0);
INSERT INTO enrollment (student_id, current_semester, course_name, course_professor, course_grade) VALUES (201800018, 3, '마케팅원론', '김수진', 0);
INSERT INTO enrollment (student_id, current_semester, course_name, course_professor, course_grade) VALUES (201800018, 3, '자료구조', '김민수', 0);
INSERT INTO enrollment (student_id, current_semester, course_name, course_professor, course_grade) VALUES (201800018, 3, '알고리즘', '조정순', 0);
INSERT INTO enrollment (student_id, current_semester, course_name, course_professor, course_grade) VALUES (201800019, 5, '소프트웨어공학', '김은주', 0);
INSERT INTO enrollment (student_id, current_semester, course_name, course_professor, course_grade) VALUES (201800019, 5, '확률과통계', '정중수', 0);
INSERT INTO enrollment (student_id, current_semester, course_name, course_professor, course_grade) VALUES (201800019, 5, '선형대수', '안옥순', 0);
INSERT INTO enrollment (student_id, current_semester, course_name, course_professor, course_grade) VALUES (201800019, 5, '재무관리', '노지후', 0);
INSERT INTO enrollment (student_id, current_semester, course_name, course_professor, course_grade) VALUES (201800019, 5, '머신러닝', '김수진', 0);
INSERT INTO enrollment (student_id, current_semester, course_name, course_professor, course_grade) VALUES (201900020, 7, '컴퓨터네트워크', '박영숙', 0);
INSERT INTO enrollment (student_id, current_semester, course_name, course_professor, course_grade) VALUES (201900020, 7, '알고리즘', '송영철', 0);
INSERT INTO enrollment (student_id, current_semester, course_name, course_professor, course_grade) VALUES (201900020, 7, '마케팅원론', '정중수', 0);
INSERT INTO enrollment (student_id, current_semester, course_name, course_professor, course_grade) VALUES (201900020, 7, '선형대수', '김윤서', 0);
INSERT INTO enrollment (student_id, current_semester, course_name, course_professor, course_grade) VALUES (201900020, 7, '머신러닝', '김미영', 0);
INSERT INTO enrollment (student_id, current_semester, course_name, course_professor, course_grade) VALUES (201900020, 7, '자료구조', '윤보람', 0);
INSERT INTO enrollment (student_id, current_semester, course_name, course_professor, course_grade) VALUES (201900021, 8, '운영체제', '윤예원', 0);
INSERT INTO enrollment (student_id, current_semester, course_name, course_professor, course_grade) VALUES (201900021, 8, '재무관리', '윤보람', 0);
INSERT INTO enrollment (student_id, current_semester, course_name, course_professor, course_grade) VALUES (201900021, 8, '품질관리', '송영철', 0);
INSERT INTO enrollment (student_id, current_semester, course_name, course_professor, course_grade) VALUES (201900021, 8, '이산수학', '오현숙', 0);
INSERT INTO enrollment (student_id, current_semester, course_name, course_professor, course_grade) VALUES (202200022, 2, '경영과학', '이선영', 0);
INSERT INTO enrollment (student_id, current_semester, course_name, course_professor, course_grade) VALUES (202200022, 2, '재무관리', '김수진', 0);
INSERT INTO enrollment (student_id, current_semester, course_name, course_professor, course_grade) VALUES (202200022, 2, '이산수학', '김은주', 0);
INSERT INTO enrollment (student_id, current_semester, course_name, course_professor, course_grade) VALUES (202200022, 2, '머신러닝', '윤보람', 0);
INSERT INTO enrollment (student_id, current_semester, course_name, course_professor, course_grade) VALUES (202200022, 2, '선형대수', '이하은', 0);
INSERT INTO enrollment (student_id, current_semester, course_name, course_professor, course_grade) VALUES (202200022, 2, '경제학원론', '박영숙', 0);
INSERT INTO enrollment (student_id, current_semester, course_name, course_professor, course_grade) VALUES (202200023, 7, '소프트웨어공학', '이선영', 0);
INSERT INTO enrollment (student_id, current_semester, course_name, course_professor, course_grade) VALUES (202200023, 7, '운영체제', '이지연', 0);
INSERT INTO enrollment (student_id, current_semester, course_name, course_professor, course_grade) VALUES (202200023, 7, '경영과학', '박영숙', 0);
INSERT INTO enrollment (student_id, current_semester, course_name, course_professor, course_grade) VALUES (201800024, 7, '이산수학', '윤보람', 0);
INSERT INTO enrollment (student_id, current_semester, course_name, course_professor, course_grade) VALUES (201800024, 7, '자료구조', '조정순', 0);
INSERT INTO enrollment (student_id, current_semester, course_name, course_professor, course_grade) VALUES (201800024, 7, '경영과학', '정중수', 0);
INSERT INTO enrollment (student_id, current_semester, course_name, course_professor, course_grade) VALUES (201900026, 2, '경영과학', '박하윤', 0);
INSERT INTO enrollment (student_id, current_semester, course_name, course_professor, course_grade) VALUES (201900026, 2, '마케팅원론', '지서준', 0);
INSERT INTO enrollment (student_id, current_semester, course_name, course_professor, course_grade) VALUES (201900026, 2, '공학수학', '이정식', 0);
INSERT INTO enrollment (student_id, current_semester, course_name, course_professor, course_grade) VALUES (201900026, 2, '자료구조', '김수진', 0);
INSERT INTO enrollment (student_id, current_semester, course_name, course_professor, course_grade) VALUES (201900026, 2, '선형대수', '윤보람', 0);
INSERT INTO enrollment (student_id, current_semester, course_name, course_professor, course_grade) VALUES (201900026, 2, '생산관리', '김숙자', 0);
INSERT INTO enrollment (student_id, current_semester, course_name, course_professor, course_grade) VALUES (202300028, 2, '조직행동론', '윤예원', 0);
INSERT INTO enrollment (student_id, current_semester, course_name, course_professor, course_grade) VALUES (202300028, 2, '인공지능', '김윤서', 0);
INSERT INTO enrollment (student_id, current_semester, course_name, course_professor, course_grade) VALUES (202300028, 2, '경영과학', '지서준', 0);
INSERT INTO enrollment (student_id, current_semester, course_name, course_professor, course_grade) VALUES (202300028, 2, '품질관리', '오현숙', 0);
INSERT INTO enrollment (student_id, current_semester, course_name, course_professor, course_grade) VALUES (202300028, 2, '선형대수', '박하윤', 0);
INSERT INTO enrollment (student_id, current_semester, course_name, course_professor, course_grade) VALUES (202300029, 8, '자료구조', '조정순', 0);
INSERT INTO enrollment (student_id, current_semester, course_name, course_professor, course_grade) VALUES (202300029, 8, '마케팅원론', '이순자', 0);
INSERT INTO enrollment (student_id, current_semester, course_name, course_professor, course_grade) VALUES (202300029, 8, '확률과통계', '류명자', 0);
INSERT INTO enrollment (student_id, current_semester, course_name, course_professor, course_grade) VALUES (202300029, 8, '소프트웨어공학', '윤예원', 0);
INSERT INTO enrollment (student_id, current_semester, course_name, course_professor, course_grade) VALUES (202300029, 8, '경제학원론', '정중수', 0);
INSERT INTO enrollment (student_id, current_semester, course_name, course_professor, course_grade) VALUES (202200030, 3, '소프트웨어공학', '박영숙', 0);
INSERT INTO enrollment (student_id, current_semester, course_name, course_professor, course_grade) VALUES (202200030, 3, '재무관리', '이하은', 0);
INSERT INTO enrollment (student_id, current_semester, course_name, course_professor, course_grade) VALUES (202200030, 3, '선형대수', '송영철', 0);
INSERT INTO enrollment (student_id, current_semester, course_name, course_professor, course_grade) VALUES (202200030, 3, '품질관리', '김민수', 0);
INSERT INTO enrollment (student_id, current_semester, course_name, course_professor, course_grade) VALUES (202200030, 3, '컴퓨터네트워크', '지서준', 0);
INSERT INTO enrollment (student_id, current_semester, course_name, course_professor, course_grade) VALUES (201900032, 4, '품질관리', '송영철', 0);
INSERT INTO enrollment (student_id, current_semester, course_name, course_professor, course_grade) VALUES (201900032, 4, '선형대수', '오현숙', 0);
INSERT INTO enrollment (student_id, current_semester, course_name, course_professor, course_grade) VALUES (201900032, 4, '이산수학', '오현숙', 0);
INSERT INTO enrollment (student_id, current_semester, course_name, course_professor, course_grade) VALUES (201900032, 4, '자료구조', '송영철', 0);
INSERT INTO enrollment (student_id, current_semester, course_name, course_professor, course_grade) VALUES (202100033, 2, '컴퓨터네트워크', '김정수', 0);
INSERT INTO enrollment (student_id, current_semester, course_name, course_professor, course_grade) VALUES (202100033, 2, '경영과학', '류명자', 0);
INSERT INTO enrollment (student_id, current_semester, course_name, course_professor, course_grade) VALUES (202100033, 2, '생산관리', '이지연', 0);
INSERT INTO enrollment (student_id, current_semester, course_name, course_professor, course_grade) VALUES (202100033, 2, '공학수학', '김수진', 0);
INSERT INTO enrollment (student_id, current_semester, course_name, course_professor, course_grade) VALUES (202200034, 2, '머신러닝', '정중수', 0);
INSERT INTO enrollment (student_id, current_semester, course_name, course_professor, course_grade) VALUES (202200034, 2, '알고리즘', '윤예원', 0);
INSERT INTO enrollment (student_id, current_semester, course_name, course_professor, course_grade) VALUES (202200034, 2, '마케팅원론', '오옥자', 0);
INSERT INTO enrollment (student_id, current_semester, course_name, course_professor, course_grade) VALUES (202200034, 2, '공학수학', '오옥자', 0);
INSERT INTO enrollment (student_id, current_semester, course_name, course_professor, course_grade) VALUES (202200034, 2, '자료구조', '조정순', 0);
INSERT INTO enrollment (student_id, current_semester, course_name, course_professor, course_grade) VALUES (202200034, 2, '선형대수', '노지후', 0);
INSERT INTO enrollment (student_id, current_semester, course_name, course_professor, course_grade) VALUES (202000035, 5, '공학수학', '이선영', 0);
INSERT INTO enrollment (student_id, current_semester, course_name, course_professor, course_grade) VALUES (202000035, 5, '조직행동론', '김민수', 0);
INSERT INTO enrollment (student_id, current_semester, course_name, course_professor, course_grade) VALUES (202000035, 5, '마케팅원론', '이선영', 0);
INSERT INTO enrollment (student_id, current_semester, course_name, course_professor, course_grade) VALUES (202400036, 2, '품질관리', '윤보람', 0);
INSERT INTO enrollment (student_id, current_semester, course_name, course_professor, course_grade) VALUES (202400036, 2, '운영체제', '이하은', 0);
INSERT INTO enrollment (student_id, current_semester, course_name, course_professor, course_grade) VALUES (202400036, 2, '공학수학', '김민수', 0);
INSERT INTO enrollment (student_id, current_semester, course_name, course_professor, course_grade) VALUES (202400036, 2, '마케팅원론', '김수진', 0);
INSERT INTO enrollment (student_id, current_semester, course_name, course_professor, course_grade) VALUES (202400036, 2, '데이터베이스', '지서준', 0);
INSERT INTO enrollment (student_id, current_semester, course_name, course_professor, course_grade) VALUES (201800038, 3, '컴퓨터네트워크', '이하은', 0);
INSERT INTO enrollment (student_id, current_semester, course_name, course_professor, course_grade) VALUES (201800038, 3, '경영과학', '박하윤', 0);
INSERT INTO enrollment (student_id, current_semester, course_name, course_professor, course_grade) VALUES (201800038, 3, '마케팅원론', '정중수', 0);
INSERT INTO enrollment (student_id, current_semester, course_name, course_professor, course_grade) VALUES (201800038, 3, '인공지능', '안옥순', 0);
INSERT INTO enrollment (student_id, current_semester, course_name, course_professor, course_grade) VALUES (202400039, 3, '품질관리', '안옥순', 0);
INSERT INTO enrollment (student_id, current_semester, course_name, course_professor, course_grade) VALUES (202400039, 3, '생산관리', '박영숙', 0);
INSERT INTO enrollment (student_id, current_semester, course_name, course_professor, course_grade) VALUES (202400039, 3, '머신러닝', '김민재', 0);
INSERT INTO enrollment (student_id, current_semester, course_name, course_professor, course_grade) VALUES (202400039, 3, '회계원리', '윤보람', 0);
INSERT INTO enrollment (student_id, current_semester, course_name, course_professor, course_grade) VALUES (202400039, 3, '경제학원론', '김민수', 0);
INSERT INTO enrollment (student_id, current_semester, course_name, course_professor, course_grade) VALUES (201900041, 4, '공학수학', '김숙자', 0);
INSERT INTO enrollment (student_id, current_semester, course_name, course_professor, course_grade) VALUES (201900041, 4, '머신러닝', '노지후', 0);
INSERT INTO enrollment (student_id, current_semester, course_name, course_professor, course_grade) VALUES (201900041, 4, '인공지능', '지서준', 0);
INSERT INTO enrollment (student_id, current_semester, course_name, course_professor, course_grade) VALUES (201900041, 4, '소프트웨어공학', '윤보람', 0);
INSERT INTO enrollment (student_id, current_semester, course_name, course_professor, course_grade) VALUES (201900041, 4, '자료구조', '김미영', 0);
INSERT INTO enrollment (student_id, current_semester, course_name, course_professor, course_grade) VALUES (202300042, 6, '생산관리', '박하윤', 0);
INSERT INTO enrollment (student_id, current_semester, course_name, course_professor, course_grade) VALUES (202300042, 6, '마케팅원론', '김미영', 0);
INSERT INTO enrollment (student_id, current_semester, course_name, course_professor, course_grade) VALUES (202300042, 6, '소프트웨어공학', '이선영', 0);
INSERT INTO enrollment (student_id, current_semester, course_name, course_professor, course_grade) VALUES (202100043, 8, '경영과학', '박미영', 0);
INSERT INTO enrollment (student_id, current_semester, course_name, course_professor, course_grade) VALUES (202100043, 8, '컴퓨터네트워크', '이하은', 0);
INSERT INTO enrollment (student_id, current_semester, course_name, course_professor, course_grade) VALUES (202100043, 8, '재무관리', '이정식', 0);
INSERT INTO enrollment (student_id, current_semester, course_name, course_professor, course_grade) VALUES (202100043, 8, '경제학원론', '김민수', 0);
INSERT INTO enrollment (student_id, current_semester, course_name, course_professor, course_grade) VALUES (202100043, 8, '인공지능', '윤보람', 0);
INSERT INTO enrollment (student_id, current_semester, course_name, course_professor, course_grade) VALUES (202000044, 2, '이산수학', '송영철', 0);
INSERT INTO enrollment (student_id, current_semester, course_name, course_professor, course_grade) VALUES (202000044, 2, '확률과통계', '김민수', 0);
INSERT INTO enrollment (student_id, current_semester, course_name, course_professor, course_grade) VALUES (202000044, 2, '머신러닝', '박영숙', 0);
INSERT INTO enrollment (student_id, current_semester, course_name, course_professor, course_grade) VALUES (202000044, 2, '조직행동론', '김수진', 0);
INSERT INTO enrollment (student_id, current_semester, course_name, course_professor, course_grade) VALUES (202000044, 2, '선형대수', '김은주', 0);
INSERT INTO enrollment (student_id, current_semester, course_name, course_professor, course_grade) VALUES (202000044, 2, '마케팅원론', '송영철', 0);
INSERT INTO enrollment (student_id, current_semester, course_name, course_professor, course_grade) VALUES (202000045, 4, '회계원리', '이정식', 0);
INSERT INTO enrollment (student_id, current_semester, course_name, course_professor, course_grade) VALUES (202000045, 4, '자료구조', '윤예원', 0);
INSERT INTO enrollment (student_id, current_semester, course_name, course_professor, course_grade) VALUES (202000045, 4, '알고리즘', '조정순', 0);
INSERT INTO enrollment (student_id, current_semester, course_name, course_professor, course_grade) VALUES (201900046, 2, '소프트웨어공학', '이지연', 0);
INSERT INTO enrollment (student_id, current_semester, course_name, course_professor, course_grade) VALUES (201900046, 2, '선형대수', '이춘자', 0);
INSERT INTO enrollment (student_id, current_semester, course_name, course_professor, course_grade) VALUES (201900046, 2, '경영과학', '김미영', 0);
INSERT INTO enrollment (student_id, current_semester, course_name, course_professor, course_grade) VALUES (201900047, 4, '공학수학', '이순자', 0);
INSERT INTO enrollment (student_id, current_semester, course_name, course_professor, course_grade) VALUES (201900047, 4, '회계원리', '조정순', 0);
INSERT INTO enrollment (student_id, current_semester, course_name, course_professor, course_grade) VALUES (201900047, 4, '이산수학', '오옥자', 0);
INSERT INTO enrollment (student_id, current_semester, course_name, course_professor, course_grade) VALUES (202400048, 6, '경제학원론', '김윤서', 0);
INSERT INTO enrollment (student_id, current_semester, course_name, course_professor, course_grade) VALUES (202400048, 6, '운영체제', '윤보람', 0);
INSERT INTO enrollment (student_id, current_semester, course_name, course_professor, course_grade) VALUES (202400048, 6, '조직행동론', '박미영', 0);
INSERT INTO enrollment (student_id, current_semester, course_name, course_professor, course_grade) VALUES (202400048, 6, '소프트웨어공학', '송영철', 0);
INSERT INTO enrollment (student_id, current_semester, course_name, course_professor, course_grade) VALUES (202400048, 6, '마케팅원론', '박하윤', 0);
INSERT INTO enrollment (student_id, current_semester, course_name, course_professor, course_grade) VALUES (202400048, 6, '재무관리', '이영미', 0);
INSERT INTO enrollment (student_id, current_semester, course_name, course_professor, course_grade) VALUES (202000049, 5, '확률과통계', '이선영', 0);
INSERT INTO enrollment (student_id, current_semester, course_name, course_professor, course_grade) VALUES (202000049, 5, '데이터베이스', '오옥자', 0);
INSERT INTO enrollment (student_id, current_semester, course_name, course_professor, course_grade) VALUES (202000049, 5, '조직행동론', '김윤서', 0);
INSERT INTO enrollment (student_id, current_semester, course_name, course_professor, course_grade) VALUES (202000049, 5, '회계원리', '박미영', 0);
INSERT INTO enrollment (student_id, current_semester, course_name, course_professor, course_grade) VALUES (202000049, 5, '선형대수', '이정식', 0);
INSERT INTO enrollment (student_id, current_semester, course_name, course_professor, course_grade) VALUES (202000049, 5, '마케팅원론', '이순자', 0);
INSERT INTO enrollment (student_id, current_semester, course_name, course_professor, course_grade) VALUES (201800050, 3, '컴퓨터네트워크', '김숙자', 0);
INSERT INTO enrollment (student_id, current_semester, course_name, course_professor, course_grade) VALUES (201800050, 3, '알고리즘', '지서준', 0);
INSERT INTO enrollment (student_id, current_semester, course_name, course_professor, course_grade) VALUES (201800050, 3, '머신러닝', '이춘자', 0);
INSERT INTO enrollment (student_id, current_semester, course_name, course_professor, course_grade) VALUES (201800050, 3, '재무관리', '지서준', 0);
INSERT INTO enrollment (student_id, current_semester, course_name, course_professor, course_grade) VALUES (201800050, 3, '이산수학', '박하윤', 0);

-- ============================================================
-- INSERT: registration
-- ============================================================
INSERT INTO registration (student_id, reg_status, status, paid_amount, reg_date) VALUES (202300001, '완료', '재학', 3620000, '2024-02-13');
INSERT INTO registration (student_id, reg_status, status, paid_amount, reg_date) VALUES (201800002, '미납', '휴학', 0, '2025-08-18');
INSERT INTO registration (student_id, reg_status, status, paid_amount, reg_date) VALUES (201800003, '미납', '휴학', 0, '2025-02-21');
INSERT INTO registration (student_id, reg_status, status, paid_amount, reg_date) VALUES (202300004, '완료', '재학', 1928000, '2025-08-21');
INSERT INTO registration (student_id, reg_status, status, paid_amount, reg_date) VALUES (202000005, '미납', '재학', 0, '2024-02-08');
INSERT INTO registration (student_id, reg_status, status, paid_amount, reg_date) VALUES (201900006, '완료', '재학', 3670000, '2025-08-02');
INSERT INTO registration (student_id, reg_status, status, paid_amount, reg_date) VALUES (201900007, '미납', '휴학', 0, '2024-08-18');
INSERT INTO registration (student_id, reg_status, status, paid_amount, reg_date) VALUES (201900008, '완료', '재학', 1582000, '2025-02-07');
INSERT INTO registration (student_id, reg_status, status, paid_amount, reg_date) VALUES (202300009, '완료', '재학', 3381000, '2025-02-10');
INSERT INTO registration (student_id, reg_status, status, paid_amount, reg_date) VALUES (201800010, '완료', '재학', 2101000, '2025-08-13');
INSERT INTO registration (student_id, reg_status, status, paid_amount, reg_date) VALUES (202300011, '미납', '재학', 0, '2024-02-17');
INSERT INTO registration (student_id, reg_status, status, paid_amount, reg_date) VALUES (202300012, '미납', '재학', 0, '2025-02-04');
INSERT INTO registration (student_id, reg_status, status, paid_amount, reg_date) VALUES (202200013, '완료', '재학', 3597000, '2025-08-25');
INSERT INTO registration (student_id, reg_status, status, paid_amount, reg_date) VALUES (201800014, '미납', '휴학', 0, '2025-02-21');
INSERT INTO registration (student_id, reg_status, status, paid_amount, reg_date) VALUES (202200015, '완료', '재학', 3981000, '2025-02-12');
INSERT INTO registration (student_id, reg_status, status, paid_amount, reg_date) VALUES (202100016, '완료', '재학', 2439000, '2024-08-03');
INSERT INTO registration (student_id, reg_status, status, paid_amount, reg_date) VALUES (201800017, '미납', '휴학', 0, '2025-02-23');
INSERT INTO registration (student_id, reg_status, status, paid_amount, reg_date) VALUES (201800018, '완료', '재학', 2170000, '2025-02-24');
INSERT INTO registration (student_id, reg_status, status, paid_amount, reg_date) VALUES (201800019, '완료', '재학', 2402000, '2024-02-10');
INSERT INTO registration (student_id, reg_status, status, paid_amount, reg_date) VALUES (201900020, '완료', '재학', 3403000, '2024-02-03');
INSERT INTO registration (student_id, reg_status, status, paid_amount, reg_date) VALUES (201900021, '완료', '재학', 2622000, '2025-02-01');
INSERT INTO registration (student_id, reg_status, status, paid_amount, reg_date) VALUES (202200022, '완료', '재학', 2886000, '2025-08-01');
INSERT INTO registration (student_id, reg_status, status, paid_amount, reg_date) VALUES (202200023, '완료', '재학', 2469000, '2024-02-19');
INSERT INTO registration (student_id, reg_status, status, paid_amount, reg_date) VALUES (201800024, '완료', '재학', 3213000, '2024-02-09');
INSERT INTO registration (student_id, reg_status, status, paid_amount, reg_date) VALUES (202200025, '미납', '휴학', 0, '2025-08-16');
INSERT INTO registration (student_id, reg_status, status, paid_amount, reg_date) VALUES (201900026, '완료', '재학', 1918000, '2025-08-10');
INSERT INTO registration (student_id, reg_status, status, paid_amount, reg_date) VALUES (202300027, '미납', '휴학', 0, '2025-02-12');
INSERT INTO registration (student_id, reg_status, status, paid_amount, reg_date) VALUES (202300028, '완료', '재학', 2116000, '2025-02-15');
INSERT INTO registration (student_id, reg_status, status, paid_amount, reg_date) VALUES (202300029, '완료', '재학', 2262000, '2025-08-27');
INSERT INTO registration (student_id, reg_status, status, paid_amount, reg_date) VALUES (202200030, '완료', '재학', 3510000, '2025-08-11');
INSERT INTO registration (student_id, reg_status, status, paid_amount, reg_date) VALUES (202100031, '미납', '휴학', 0, '2025-02-10');
INSERT INTO registration (student_id, reg_status, status, paid_amount, reg_date) VALUES (201900032, '완료', '재학', 3868000, '2024-08-11');
INSERT INTO registration (student_id, reg_status, status, paid_amount, reg_date) VALUES (202100033, '완료', '재학', 2496000, '2025-08-24');
INSERT INTO registration (student_id, reg_status, status, paid_amount, reg_date) VALUES (202200034, '완료', '재학', 2728000, '2024-08-13');
INSERT INTO registration (student_id, reg_status, status, paid_amount, reg_date) VALUES (202000035, '완료', '재학', 3465000, '2025-02-19');
INSERT INTO registration (student_id, reg_status, status, paid_amount, reg_date) VALUES (202400036, '완료', '재학', 3993000, '2024-02-24');
INSERT INTO registration (student_id, reg_status, status, paid_amount, reg_date) VALUES (202400037, '미납', '휴학', 0, '2025-02-15');
INSERT INTO registration (student_id, reg_status, status, paid_amount, reg_date) VALUES (201800038, '미납', '재학', 0, '2024-08-22');
INSERT INTO registration (student_id, reg_status, status, paid_amount, reg_date) VALUES (202400039, '완료', '재학', 3083000, '2024-08-22');
INSERT INTO registration (student_id, reg_status, status, paid_amount, reg_date) VALUES (202400040, '미납', '휴학', 0, '2024-08-26');
INSERT INTO registration (student_id, reg_status, status, paid_amount, reg_date) VALUES (201900041, '완료', '재학', 2623000, '2025-08-18');
INSERT INTO registration (student_id, reg_status, status, paid_amount, reg_date) VALUES (202300042, '완료', '재학', 3801000, '2025-02-26');
INSERT INTO registration (student_id, reg_status, status, paid_amount, reg_date) VALUES (202100043, '분할납부', '재학', 1627000, '2024-02-25');
INSERT INTO registration (student_id, reg_status, status, paid_amount, reg_date) VALUES (202000044, '완료', '재학', 3162000, '2024-02-19');
INSERT INTO registration (student_id, reg_status, status, paid_amount, reg_date) VALUES (202000045, '분할납부', '재학', 1597000, '2025-08-26');
INSERT INTO registration (student_id, reg_status, status, paid_amount, reg_date) VALUES (201900046, '완료', '재학', 1526000, '2025-02-17');
INSERT INTO registration (student_id, reg_status, status, paid_amount, reg_date) VALUES (201900047, '미납', '재학', 0, '2024-08-12');
INSERT INTO registration (student_id, reg_status, status, paid_amount, reg_date) VALUES (202400048, '완료', '재학', 3431000, '2024-08-01');
INSERT INTO registration (student_id, reg_status, status, paid_amount, reg_date) VALUES (202000049, '완료', '재학', 2239000, '2024-02-27');
INSERT INTO registration (student_id, reg_status, status, paid_amount, reg_date) VALUES (201800050, '분할납부', '재학', 927000, '2025-08-15');

-- ============================================================
-- INSERT: grade
-- ============================================================
INSERT INTO grade (student_id, semester, course_name, course_grade, semester_grade, avg_grade) VALUES (202300001, 1, '조직행동론', 4.5, 3.42, 3.39);
INSERT INTO grade (student_id, semester, course_name, course_grade, semester_grade, avg_grade) VALUES (202300001, 1, '경제학원론', 2.5, 3.42, 3.39);
INSERT INTO grade (student_id, semester, course_name, course_grade, semester_grade, avg_grade) VALUES (202300001, 1, '경영과학', 3.5, 3.42, 3.39);
INSERT INTO grade (student_id, semester, course_name, course_grade, semester_grade, avg_grade) VALUES (202300001, 1, '재무관리', 3.5, 3.42, 3.39);
INSERT INTO grade (student_id, semester, course_name, course_grade, semester_grade, avg_grade) VALUES (202300001, 1, '소프트웨어공학', 2, 3.42, 3.39);
INSERT INTO grade (student_id, semester, course_name, course_grade, semester_grade, avg_grade) VALUES (202300001, 1, '데이터베이스', 4.5, 3.42, 3.39);
INSERT INTO grade (student_id, semester, course_name, course_grade, semester_grade, avg_grade) VALUES (202300001, 2, '데이터베이스', 4, 3.33, 3.39);
INSERT INTO grade (student_id, semester, course_name, course_grade, semester_grade, avg_grade) VALUES (202300001, 2, '자료구조', 3, 3.33, 3.39);
INSERT INTO grade (student_id, semester, course_name, course_grade, semester_grade, avg_grade) VALUES (202300001, 2, '컴퓨터네트워크', 4, 3.33, 3.39);
INSERT INTO grade (student_id, semester, course_name, course_grade, semester_grade, avg_grade) VALUES (202300001, 2, '인공지능', 4, 3.33, 3.39);
INSERT INTO grade (student_id, semester, course_name, course_grade, semester_grade, avg_grade) VALUES (202300001, 2, '재무관리', 3, 3.33, 3.39);
INSERT INTO grade (student_id, semester, course_name, course_grade, semester_grade, avg_grade) VALUES (202300001, 2, '경제학원론', 2, 3.33, 3.39);
INSERT INTO grade (student_id, semester, course_name, course_grade, semester_grade, avg_grade) VALUES (202300001, 3, '이산수학', 2.5, 3.62, 3.39);
INSERT INTO grade (student_id, semester, course_name, course_grade, semester_grade, avg_grade) VALUES (202300001, 3, '마케팅원론', 3, 3.62, 3.39);
INSERT INTO grade (student_id, semester, course_name, course_grade, semester_grade, avg_grade) VALUES (202300001, 3, '데이터베이스', 4.5, 3.62, 3.39);
INSERT INTO grade (student_id, semester, course_name, course_grade, semester_grade, avg_grade) VALUES (202300001, 3, '자료구조', 4.5, 3.62, 3.39);
INSERT INTO grade (student_id, semester, course_name, course_grade, semester_grade, avg_grade) VALUES (202300001, 4, '확률과통계', 4, 3.88, 3.39);
INSERT INTO grade (student_id, semester, course_name, course_grade, semester_grade, avg_grade) VALUES (202300001, 4, '소프트웨어공학', 3.5, 3.88, 3.39);
INSERT INTO grade (student_id, semester, course_name, course_grade, semester_grade, avg_grade) VALUES (202300001, 4, '경제학원론', 4.5, 3.88, 3.39);
INSERT INTO grade (student_id, semester, course_name, course_grade, semester_grade, avg_grade) VALUES (202300001, 4, '마케팅원론', 3.5, 3.88, 3.39);
INSERT INTO grade (student_id, semester, course_name, course_grade, semester_grade, avg_grade) VALUES (202300001, 5, '생산관리', 4, 2.9, 3.39);
INSERT INTO grade (student_id, semester, course_name, course_grade, semester_grade, avg_grade) VALUES (202300001, 5, '이산수학', 3.5, 2.9, 3.39);
INSERT INTO grade (student_id, semester, course_name, course_grade, semester_grade, avg_grade) VALUES (202300001, 5, '품질관리', 1, 2.9, 3.39);
INSERT INTO grade (student_id, semester, course_name, course_grade, semester_grade, avg_grade) VALUES (202300001, 5, '소프트웨어공학', 3, 2.9, 3.39);
INSERT INTO grade (student_id, semester, course_name, course_grade, semester_grade, avg_grade) VALUES (202300001, 5, '경제학원론', 3, 2.9, 3.39);
INSERT INTO grade (student_id, semester, course_name, course_grade, semester_grade, avg_grade) VALUES (202300001, 6, '인공지능', 1, 3.17, 3.39);
INSERT INTO grade (student_id, semester, course_name, course_grade, semester_grade, avg_grade) VALUES (202300001, 6, '자료구조', 4.5, 3.17, 3.39);
INSERT INTO grade (student_id, semester, course_name, course_grade, semester_grade, avg_grade) VALUES (202300001, 6, '조직행동론', 4, 3.17, 3.39);
INSERT INTO grade (student_id, semester, course_name, course_grade, semester_grade, avg_grade) VALUES (202300001, 6, '경제학원론', 3, 3.17, 3.39);
INSERT INTO grade (student_id, semester, course_name, course_grade, semester_grade, avg_grade) VALUES (202300001, 6, '확률과통계', 2.5, 3.17, 3.39);
INSERT INTO grade (student_id, semester, course_name, course_grade, semester_grade, avg_grade) VALUES (202300001, 6, '운영체제', 4, 3.17, 3.39);
INSERT INTO grade (student_id, semester, course_name, course_grade, semester_grade, avg_grade) VALUES (201800002, 1, '조직행동론', 3.5, 2.75, 2.88);
INSERT INTO grade (student_id, semester, course_name, course_grade, semester_grade, avg_grade) VALUES (201800002, 1, '경영과학', 3, 2.75, 2.88);
INSERT INTO grade (student_id, semester, course_name, course_grade, semester_grade, avg_grade) VALUES (201800002, 1, '자료구조', 3, 2.75, 2.88);
INSERT INTO grade (student_id, semester, course_name, course_grade, semester_grade, avg_grade) VALUES (201800002, 1, '알고리즘', 1.5, 2.75, 2.88);
INSERT INTO grade (student_id, semester, course_name, course_grade, semester_grade, avg_grade) VALUES (201800002, 2, '인공지능', 4, 2.88, 2.88);
INSERT INTO grade (student_id, semester, course_name, course_grade, semester_grade, avg_grade) VALUES (201800002, 2, '경영과학', 3, 2.88, 2.88);
INSERT INTO grade (student_id, semester, course_name, course_grade, semester_grade, avg_grade) VALUES (201800002, 2, '생산관리', 3, 2.88, 2.88);
INSERT INTO grade (student_id, semester, course_name, course_grade, semester_grade, avg_grade) VALUES (201800002, 2, '컴퓨터네트워크', 1.5, 2.88, 2.88);
INSERT INTO grade (student_id, semester, course_name, course_grade, semester_grade, avg_grade) VALUES (201800002, 3, '운영체제', 3, 3.38, 2.88);
INSERT INTO grade (student_id, semester, course_name, course_grade, semester_grade, avg_grade) VALUES (201800002, 3, '이산수학', 3, 3.38, 2.88);
INSERT INTO grade (student_id, semester, course_name, course_grade, semester_grade, avg_grade) VALUES (201800002, 3, '데이터베이스', 4, 3.38, 2.88);
INSERT INTO grade (student_id, semester, course_name, course_grade, semester_grade, avg_grade) VALUES (201800002, 3, '알고리즘', 3.5, 3.38, 2.88);
INSERT INTO grade (student_id, semester, course_name, course_grade, semester_grade, avg_grade) VALUES (201800002, 4, '경영과학', 3.5, 2.5, 2.88);
INSERT INTO grade (student_id, semester, course_name, course_grade, semester_grade, avg_grade) VALUES (201800002, 4, '머신러닝', 3, 2.5, 2.88);
INSERT INTO grade (student_id, semester, course_name, course_grade, semester_grade, avg_grade) VALUES (201800002, 4, '품질관리', 3.5, 2.5, 2.88);
INSERT INTO grade (student_id, semester, course_name, course_grade, semester_grade, avg_grade) VALUES (201800002, 4, '확률과통계', 0, 2.5, 2.88);
INSERT INTO grade (student_id, semester, course_name, course_grade, semester_grade, avg_grade) VALUES (201800003, 1, '회계원리', 4, 3.58, 3.58);
INSERT INTO grade (student_id, semester, course_name, course_grade, semester_grade, avg_grade) VALUES (201800003, 1, '운영체제', 4, 3.58, 3.58);
INSERT INTO grade (student_id, semester, course_name, course_grade, semester_grade, avg_grade) VALUES (201800003, 1, '마케팅원론', 4, 3.58, 3.58);
INSERT INTO grade (student_id, semester, course_name, course_grade, semester_grade, avg_grade) VALUES (201800003, 1, '품질관리', 3, 3.58, 3.58);
INSERT INTO grade (student_id, semester, course_name, course_grade, semester_grade, avg_grade) VALUES (201800003, 1, '데이터베이스', 3.5, 3.58, 3.58);
INSERT INTO grade (student_id, semester, course_name, course_grade, semester_grade, avg_grade) VALUES (201800003, 1, '이산수학', 3, 3.58, 3.58);
INSERT INTO grade (student_id, semester, course_name, course_grade, semester_grade, avg_grade) VALUES (202300004, 1, '인공지능', 1.5, 3.25, 3.25);
INSERT INTO grade (student_id, semester, course_name, course_grade, semester_grade, avg_grade) VALUES (202300004, 1, '공학수학', 2, 3.25, 3.25);
INSERT INTO grade (student_id, semester, course_name, course_grade, semester_grade, avg_grade) VALUES (202300004, 1, '생산관리', 4.5, 3.25, 3.25);
INSERT INTO grade (student_id, semester, course_name, course_grade, semester_grade, avg_grade) VALUES (202300004, 1, '회계원리', 3.5, 3.25, 3.25);
INSERT INTO grade (student_id, semester, course_name, course_grade, semester_grade, avg_grade) VALUES (202300004, 1, '경제학원론', 3.5, 3.25, 3.25);
INSERT INTO grade (student_id, semester, course_name, course_grade, semester_grade, avg_grade) VALUES (202300004, 1, '선형대수', 4.5, 3.25, 3.25);
INSERT INTO grade (student_id, semester, course_name, course_grade, semester_grade, avg_grade) VALUES (202000005, 1, '생산관리', 3, 2.75, 2.73);
INSERT INTO grade (student_id, semester, course_name, course_grade, semester_grade, avg_grade) VALUES (202000005, 1, '확률과통계', 4, 2.75, 2.73);
INSERT INTO grade (student_id, semester, course_name, course_grade, semester_grade, avg_grade) VALUES (202000005, 1, '이산수학', 1.5, 2.75, 2.73);
INSERT INTO grade (student_id, semester, course_name, course_grade, semester_grade, avg_grade) VALUES (202000005, 1, '소프트웨어공학', 2.5, 2.75, 2.73);
INSERT INTO grade (student_id, semester, course_name, course_grade, semester_grade, avg_grade) VALUES (202000005, 2, '마케팅원론', 3.5, 3.25, 2.73);
INSERT INTO grade (student_id, semester, course_name, course_grade, semester_grade, avg_grade) VALUES (202000005, 2, '자료구조', 4.5, 3.25, 2.73);
INSERT INTO grade (student_id, semester, course_name, course_grade, semester_grade, avg_grade) VALUES (202000005, 2, '머신러닝', 3.5, 3.25, 2.73);
INSERT INTO grade (student_id, semester, course_name, course_grade, semester_grade, avg_grade) VALUES (202000005, 2, '선형대수', 1.5, 3.25, 2.73);
INSERT INTO grade (student_id, semester, course_name, course_grade, semester_grade, avg_grade) VALUES (202000005, 3, '머신러닝', 3.5, 2.38, 2.73);
INSERT INTO grade (student_id, semester, course_name, course_grade, semester_grade, avg_grade) VALUES (202000005, 3, '공학수학', 3, 2.38, 2.73);
INSERT INTO grade (student_id, semester, course_name, course_grade, semester_grade, avg_grade) VALUES (202000005, 3, '경영과학', 2, 2.38, 2.73);
INSERT INTO grade (student_id, semester, course_name, course_grade, semester_grade, avg_grade) VALUES (202000005, 3, '데이터베이스', 1, 2.38, 2.73);
INSERT INTO grade (student_id, semester, course_name, course_grade, semester_grade, avg_grade) VALUES (202000005, 4, '선형대수', 4, 2.75, 2.73);
INSERT INTO grade (student_id, semester, course_name, course_grade, semester_grade, avg_grade) VALUES (202000005, 4, '경영과학', 1.5, 2.75, 2.73);
INSERT INTO grade (student_id, semester, course_name, course_grade, semester_grade, avg_grade) VALUES (202000005, 4, '확률과통계', 2.5, 2.75, 2.73);
INSERT INTO grade (student_id, semester, course_name, course_grade, semester_grade, avg_grade) VALUES (202000005, 4, '마케팅원론', 3.5, 2.75, 2.73);
INSERT INTO grade (student_id, semester, course_name, course_grade, semester_grade, avg_grade) VALUES (202000005, 4, '소프트웨어공학', 2.5, 2.75, 2.73);
INSERT INTO grade (student_id, semester, course_name, course_grade, semester_grade, avg_grade) VALUES (202000005, 4, '운영체제', 2.5, 2.75, 2.73);
INSERT INTO grade (student_id, semester, course_name, course_grade, semester_grade, avg_grade) VALUES (202000005, 5, '생산관리', 2, 2.5, 2.73);
INSERT INTO grade (student_id, semester, course_name, course_grade, semester_grade, avg_grade) VALUES (202000005, 5, '확률과통계', 2, 2.5, 2.73);
INSERT INTO grade (student_id, semester, course_name, course_grade, semester_grade, avg_grade) VALUES (202000005, 5, '데이터베이스', 4, 2.5, 2.73);
INSERT INTO grade (student_id, semester, course_name, course_grade, semester_grade, avg_grade) VALUES (202000005, 5, '컴퓨터네트워크', 2, 2.5, 2.73);
INSERT INTO grade (student_id, semester, course_name, course_grade, semester_grade, avg_grade) VALUES (201900006, 1, '머신러닝', 2.5, 3.3, 3.3);
INSERT INTO grade (student_id, semester, course_name, course_grade, semester_grade, avg_grade) VALUES (201900006, 1, '품질관리', 3.5, 3.3, 3.3);
INSERT INTO grade (student_id, semester, course_name, course_grade, semester_grade, avg_grade) VALUES (201900006, 1, '경영과학', 3.5, 3.3, 3.3);
INSERT INTO grade (student_id, semester, course_name, course_grade, semester_grade, avg_grade) VALUES (201900006, 1, '마케팅원론', 4.5, 3.3, 3.3);
INSERT INTO grade (student_id, semester, course_name, course_grade, semester_grade, avg_grade) VALUES (201900006, 1, '운영체제', 2.5, 3.3, 3.3);
INSERT INTO grade (student_id, semester, course_name, course_grade, semester_grade, avg_grade) VALUES (201900007, 1, '회계원리', 4, 2.7, 2.7);
INSERT INTO grade (student_id, semester, course_name, course_grade, semester_grade, avg_grade) VALUES (201900007, 1, '컴퓨터네트워크', 1, 2.7, 2.7);
INSERT INTO grade (student_id, semester, course_name, course_grade, semester_grade, avg_grade) VALUES (201900007, 1, '마케팅원론', 4, 2.7, 2.7);
INSERT INTO grade (student_id, semester, course_name, course_grade, semester_grade, avg_grade) VALUES (201900007, 1, '인공지능', 1, 2.7, 2.7);
INSERT INTO grade (student_id, semester, course_name, course_grade, semester_grade, avg_grade) VALUES (201900007, 1, '운영체제', 3.5, 2.7, 2.7);
INSERT INTO grade (student_id, semester, course_name, course_grade, semester_grade, avg_grade) VALUES (201900008, 1, '재무관리', 3.5, 2.38, 2.88);
INSERT INTO grade (student_id, semester, course_name, course_grade, semester_grade, avg_grade) VALUES (201900008, 1, '소프트웨어공학', 0, 2.38, 2.88);
INSERT INTO grade (student_id, semester, course_name, course_grade, semester_grade, avg_grade) VALUES (201900008, 1, '머신러닝', 4, 2.38, 2.88);
INSERT INTO grade (student_id, semester, course_name, course_grade, semester_grade, avg_grade) VALUES (201900008, 1, '인공지능', 2, 2.38, 2.88);
INSERT INTO grade (student_id, semester, course_name, course_grade, semester_grade, avg_grade) VALUES (201900008, 2, '생산관리', 3, 2.25, 2.88);
INSERT INTO grade (student_id, semester, course_name, course_grade, semester_grade, avg_grade) VALUES (201900008, 2, '자료구조', 2, 2.25, 2.88);
INSERT INTO grade (student_id, semester, course_name, course_grade, semester_grade, avg_grade) VALUES (201900008, 2, '소프트웨어공학', 2.5, 2.25, 2.88);
INSERT INTO grade (student_id, semester, course_name, course_grade, semester_grade, avg_grade) VALUES (201900008, 2, '운영체제', 1.5, 2.25, 2.88);
INSERT INTO grade (student_id, semester, course_name, course_grade, semester_grade, avg_grade) VALUES (201900008, 3, '공학수학', 3.5, 3.08, 2.88);
INSERT INTO grade (student_id, semester, course_name, course_grade, semester_grade, avg_grade) VALUES (201900008, 3, '머신러닝', 2, 3.08, 2.88);
INSERT INTO grade (student_id, semester, course_name, course_grade, semester_grade, avg_grade) VALUES (201900008, 3, '소프트웨어공학', 2.5, 3.08, 2.88);
INSERT INTO grade (student_id, semester, course_name, course_grade, semester_grade, avg_grade) VALUES (201900008, 3, '알고리즘', 3.5, 3.08, 2.88);
INSERT INTO grade (student_id, semester, course_name, course_grade, semester_grade, avg_grade) VALUES (201900008, 3, '인공지능', 3.5, 3.08, 2.88);
INSERT INTO grade (student_id, semester, course_name, course_grade, semester_grade, avg_grade) VALUES (201900008, 3, '품질관리', 3.5, 3.08, 2.88);
INSERT INTO grade (student_id, semester, course_name, course_grade, semester_grade, avg_grade) VALUES (201900008, 4, '품질관리', 2.5, 3.1, 2.88);
INSERT INTO grade (student_id, semester, course_name, course_grade, semester_grade, avg_grade) VALUES (201900008, 4, '마케팅원론', 3.5, 3.1, 2.88);
INSERT INTO grade (student_id, semester, course_name, course_grade, semester_grade, avg_grade) VALUES (201900008, 4, '선형대수', 2.5, 3.1, 2.88);
INSERT INTO grade (student_id, semester, course_name, course_grade, semester_grade, avg_grade) VALUES (201900008, 4, '공학수학', 4, 3.1, 2.88);
INSERT INTO grade (student_id, semester, course_name, course_grade, semester_grade, avg_grade) VALUES (201900008, 4, '소프트웨어공학', 3, 3.1, 2.88);
INSERT INTO grade (student_id, semester, course_name, course_grade, semester_grade, avg_grade) VALUES (201900008, 5, '마케팅원론', 3.5, 3.1, 2.88);
INSERT INTO grade (student_id, semester, course_name, course_grade, semester_grade, avg_grade) VALUES (201900008, 5, '운영체제', 3, 3.1, 2.88);
INSERT INTO grade (student_id, semester, course_name, course_grade, semester_grade, avg_grade) VALUES (201900008, 5, '품질관리', 2.5, 3.1, 2.88);
INSERT INTO grade (student_id, semester, course_name, course_grade, semester_grade, avg_grade) VALUES (201900008, 5, '재무관리', 3, 3.1, 2.88);
INSERT INTO grade (student_id, semester, course_name, course_grade, semester_grade, avg_grade) VALUES (201900008, 5, '공학수학', 3.5, 3.1, 2.88);
INSERT INTO grade (student_id, semester, course_name, course_grade, semester_grade, avg_grade) VALUES (201900008, 6, '회계원리', 3.5, 3.38, 2.88);
INSERT INTO grade (student_id, semester, course_name, course_grade, semester_grade, avg_grade) VALUES (201900008, 6, '경제학원론', 2.5, 3.38, 2.88);
INSERT INTO grade (student_id, semester, course_name, course_grade, semester_grade, avg_grade) VALUES (201900008, 6, '확률과통계', 3, 3.38, 2.88);
INSERT INTO grade (student_id, semester, course_name, course_grade, semester_grade, avg_grade) VALUES (201900008, 6, '알고리즘', 4.5, 3.38, 2.88);
INSERT INTO grade (student_id, semester, course_name, course_grade, semester_grade, avg_grade) VALUES (202300009, 1, '품질관리', 4.5, 3.38, 3.44);
INSERT INTO grade (student_id, semester, course_name, course_grade, semester_grade, avg_grade) VALUES (202300009, 1, '경영과학', 4, 3.38, 3.44);
INSERT INTO grade (student_id, semester, course_name, course_grade, semester_grade, avg_grade) VALUES (202300009, 1, '공학수학', 3, 3.38, 3.44);
INSERT INTO grade (student_id, semester, course_name, course_grade, semester_grade, avg_grade) VALUES (202300009, 1, '선형대수', 2, 3.38, 3.44);
INSERT INTO grade (student_id, semester, course_name, course_grade, semester_grade, avg_grade) VALUES (202300009, 2, '이산수학', 3, 3.5, 3.44);
INSERT INTO grade (student_id, semester, course_name, course_grade, semester_grade, avg_grade) VALUES (202300009, 2, '소프트웨어공학', 4, 3.5, 3.44);
INSERT INTO grade (student_id, semester, course_name, course_grade, semester_grade, avg_grade) VALUES (202300009, 2, '공학수학', 2.5, 3.5, 3.44);
INSERT INTO grade (student_id, semester, course_name, course_grade, semester_grade, avg_grade) VALUES (202300009, 2, '컴퓨터네트워크', 4.5, 3.5, 3.44);
INSERT INTO grade (student_id, semester, course_name, course_grade, semester_grade, avg_grade) VALUES (201800010, 1, '소프트웨어공학', 3, 2.88, 2.92);
INSERT INTO grade (student_id, semester, course_name, course_grade, semester_grade, avg_grade) VALUES (201800010, 1, '경영과학', 3, 2.88, 2.92);
INSERT INTO grade (student_id, semester, course_name, course_grade, semester_grade, avg_grade) VALUES (201800010, 1, '확률과통계', 1.5, 2.88, 2.92);
INSERT INTO grade (student_id, semester, course_name, course_grade, semester_grade, avg_grade) VALUES (201800010, 1, '회계원리', 4, 2.88, 2.92);
INSERT INTO grade (student_id, semester, course_name, course_grade, semester_grade, avg_grade) VALUES (201800010, 2, '이산수학', 1, 2.12, 2.92);
INSERT INTO grade (student_id, semester, course_name, course_grade, semester_grade, avg_grade) VALUES (201800010, 2, '회계원리', 2, 2.12, 2.92);
INSERT INTO grade (student_id, semester, course_name, course_grade, semester_grade, avg_grade) VALUES (201800010, 2, '마케팅원론', 3, 2.12, 2.92);
INSERT INTO grade (student_id, semester, course_name, course_grade, semester_grade, avg_grade) VALUES (201800010, 2, '인공지능', 2.5, 2.12, 2.92);
INSERT INTO grade (student_id, semester, course_name, course_grade, semester_grade, avg_grade) VALUES (201800010, 3, '소프트웨어공학', 3.5, 3.17, 2.92);
INSERT INTO grade (student_id, semester, course_name, course_grade, semester_grade, avg_grade) VALUES (201800010, 3, '마케팅원론', 4, 3.17, 2.92);
INSERT INTO grade (student_id, semester, course_name, course_grade, semester_grade, avg_grade) VALUES (201800010, 3, '이산수학', 3, 3.17, 2.92);
INSERT INTO grade (student_id, semester, course_name, course_grade, semester_grade, avg_grade) VALUES (201800010, 3, '확률과통계', 2.5, 3.17, 2.92);
INSERT INTO grade (student_id, semester, course_name, course_grade, semester_grade, avg_grade) VALUES (201800010, 3, '경제학원론', 3, 3.17, 2.92);
INSERT INTO grade (student_id, semester, course_name, course_grade, semester_grade, avg_grade) VALUES (201800010, 3, '경영과학', 3, 3.17, 2.92);
INSERT INTO grade (student_id, semester, course_name, course_grade, semester_grade, avg_grade) VALUES (201800010, 4, '이산수학', 3.5, 3.5, 2.92);
INSERT INTO grade (student_id, semester, course_name, course_grade, semester_grade, avg_grade) VALUES (201800010, 4, '알고리즘', 2, 3.5, 2.92);
INSERT INTO grade (student_id, semester, course_name, course_grade, semester_grade, avg_grade) VALUES (201800010, 4, '품질관리', 4.5, 3.5, 2.92);
INSERT INTO grade (student_id, semester, course_name, course_grade, semester_grade, avg_grade) VALUES (201800010, 4, '경영과학', 4, 3.5, 2.92);
INSERT INTO grade (student_id, semester, course_name, course_grade, semester_grade, avg_grade) VALUES (201800010, 4, '생산관리', 3.5, 3.5, 2.92);
INSERT INTO grade (student_id, semester, course_name, course_grade, semester_grade, avg_grade) VALUES (202300011, 1, '공학수학', 3.5, 3.25, 2.88);
INSERT INTO grade (student_id, semester, course_name, course_grade, semester_grade, avg_grade) VALUES (202300011, 1, '알고리즘', 3, 3.25, 2.88);
INSERT INTO grade (student_id, semester, course_name, course_grade, semester_grade, avg_grade) VALUES (202300011, 1, '소프트웨어공학', 4.5, 3.25, 2.88);
INSERT INTO grade (student_id, semester, course_name, course_grade, semester_grade, avg_grade) VALUES (202300011, 1, '마케팅원론', 2, 3.25, 2.88);
INSERT INTO grade (student_id, semester, course_name, course_grade, semester_grade, avg_grade) VALUES (202300011, 2, '조직행동론', 1.5, 2.5, 2.88);
INSERT INTO grade (student_id, semester, course_name, course_grade, semester_grade, avg_grade) VALUES (202300011, 2, '운영체제', 3.5, 2.5, 2.88);
INSERT INTO grade (student_id, semester, course_name, course_grade, semester_grade, avg_grade) VALUES (202300011, 2, '컴퓨터네트워크', 3.5, 2.5, 2.88);
INSERT INTO grade (student_id, semester, course_name, course_grade, semester_grade, avg_grade) VALUES (202300011, 2, '경제학원론', 2, 2.5, 2.88);
INSERT INTO grade (student_id, semester, course_name, course_grade, semester_grade, avg_grade) VALUES (202300011, 2, '재무관리', 2, 2.5, 2.88);
INSERT INTO grade (student_id, semester, course_name, course_grade, semester_grade, avg_grade) VALUES (202300012, 1, '마케팅원론', 3, 2.67, 3.02);
INSERT INTO grade (student_id, semester, course_name, course_grade, semester_grade, avg_grade) VALUES (202300012, 1, '경영과학', 3.5, 2.67, 3.02);
INSERT INTO grade (student_id, semester, course_name, course_grade, semester_grade, avg_grade) VALUES (202300012, 1, '경제학원론', 2.5, 2.67, 3.02);
INSERT INTO grade (student_id, semester, course_name, course_grade, semester_grade, avg_grade) VALUES (202300012, 1, '조직행동론', 2.5, 2.67, 3.02);
INSERT INTO grade (student_id, semester, course_name, course_grade, semester_grade, avg_grade) VALUES (202300012, 1, '생산관리', 2.5, 2.67, 3.02);
INSERT INTO grade (student_id, semester, course_name, course_grade, semester_grade, avg_grade) VALUES (202300012, 1, '공학수학', 2, 2.67, 3.02);
INSERT INTO grade (student_id, semester, course_name, course_grade, semester_grade, avg_grade) VALUES (202300012, 2, '재무관리', 3, 3.38, 3.02);
INSERT INTO grade (student_id, semester, course_name, course_grade, semester_grade, avg_grade) VALUES (202300012, 2, '마케팅원론', 2.5, 3.38, 3.02);
INSERT INTO grade (student_id, semester, course_name, course_grade, semester_grade, avg_grade) VALUES (202300012, 2, '운영체제', 4.5, 3.38, 3.02);
INSERT INTO grade (student_id, semester, course_name, course_grade, semester_grade, avg_grade) VALUES (202300012, 2, '컴퓨터네트워크', 3.5, 3.38, 3.02);
INSERT INTO grade (student_id, semester, course_name, course_grade, semester_grade, avg_grade) VALUES (202200013, 1, '확률과통계', 4, 3.2, 2.84);
INSERT INTO grade (student_id, semester, course_name, course_grade, semester_grade, avg_grade) VALUES (202200013, 1, '자료구조', 3.5, 3.2, 2.84);
INSERT INTO grade (student_id, semester, course_name, course_grade, semester_grade, avg_grade) VALUES (202200013, 1, '생산관리', 2.5, 3.2, 2.84);
INSERT INTO grade (student_id, semester, course_name, course_grade, semester_grade, avg_grade) VALUES (202200013, 1, '컴퓨터네트워크', 3.5, 3.2, 2.84);
INSERT INTO grade (student_id, semester, course_name, course_grade, semester_grade, avg_grade) VALUES (202200013, 1, '인공지능', 2.5, 3.2, 2.84);
INSERT INTO grade (student_id, semester, course_name, course_grade, semester_grade, avg_grade) VALUES (202200013, 2, '생산관리', 0, 2.2, 2.84);
INSERT INTO grade (student_id, semester, course_name, course_grade, semester_grade, avg_grade) VALUES (202200013, 2, '알고리즘', 3.5, 2.2, 2.84);
INSERT INTO grade (student_id, semester, course_name, course_grade, semester_grade, avg_grade) VALUES (202200013, 2, '경제학원론', 2.5, 2.2, 2.84);
INSERT INTO grade (student_id, semester, course_name, course_grade, semester_grade, avg_grade) VALUES (202200013, 2, '운영체제', 2.5, 2.2, 2.84);
INSERT INTO grade (student_id, semester, course_name, course_grade, semester_grade, avg_grade) VALUES (202200013, 2, '자료구조', 2.5, 2.2, 2.84);
INSERT INTO grade (student_id, semester, course_name, course_grade, semester_grade, avg_grade) VALUES (202200013, 3, '경영과학', 4, 3.12, 2.84);
INSERT INTO grade (student_id, semester, course_name, course_grade, semester_grade, avg_grade) VALUES (202200013, 3, '공학수학', 3, 3.12, 2.84);
INSERT INTO grade (student_id, semester, course_name, course_grade, semester_grade, avg_grade) VALUES (202200013, 3, '운영체제', 4, 3.12, 2.84);
INSERT INTO grade (student_id, semester, course_name, course_grade, semester_grade, avg_grade) VALUES (202200013, 3, '선형대수', 1.5, 3.12, 2.84);
INSERT INTO grade (student_id, semester, course_name, course_grade, semester_grade, avg_grade) VALUES (201800014, 1, '생산관리', 1, 3.1, 2.76);
INSERT INTO grade (student_id, semester, course_name, course_grade, semester_grade, avg_grade) VALUES (201800014, 1, '머신러닝', 4, 3.1, 2.76);
INSERT INTO grade (student_id, semester, course_name, course_grade, semester_grade, avg_grade) VALUES (201800014, 1, '확률과통계', 4.5, 3.1, 2.76);
INSERT INTO grade (student_id, semester, course_name, course_grade, semester_grade, avg_grade) VALUES (201800014, 1, '데이터베이스', 3.5, 3.1, 2.76);
INSERT INTO grade (student_id, semester, course_name, course_grade, semester_grade, avg_grade) VALUES (201800014, 1, '마케팅원론', 2.5, 3.1, 2.76);
INSERT INTO grade (student_id, semester, course_name, course_grade, semester_grade, avg_grade) VALUES (201800014, 2, '컴퓨터네트워크', 2.5, 2.6, 2.76);
INSERT INTO grade (student_id, semester, course_name, course_grade, semester_grade, avg_grade) VALUES (201800014, 2, '공학수학', 3.5, 2.6, 2.76);
INSERT INTO grade (student_id, semester, course_name, course_grade, semester_grade, avg_grade) VALUES (201800014, 2, '알고리즘', 2.5, 2.6, 2.76);
INSERT INTO grade (student_id, semester, course_name, course_grade, semester_grade, avg_grade) VALUES (201800014, 2, '경영과학', 2, 2.6, 2.76);
INSERT INTO grade (student_id, semester, course_name, course_grade, semester_grade, avg_grade) VALUES (201800014, 2, '데이터베이스', 2.5, 2.6, 2.76);
INSERT INTO grade (student_id, semester, course_name, course_grade, semester_grade, avg_grade) VALUES (201800014, 3, '자료구조', 3, 2.58, 2.76);
INSERT INTO grade (student_id, semester, course_name, course_grade, semester_grade, avg_grade) VALUES (201800014, 3, '머신러닝', 3.5, 2.58, 2.76);
INSERT INTO grade (student_id, semester, course_name, course_grade, semester_grade, avg_grade) VALUES (201800014, 3, '마케팅원론', 2, 2.58, 2.76);
INSERT INTO grade (student_id, semester, course_name, course_grade, semester_grade, avg_grade) VALUES (201800014, 3, '소프트웨어공학', 2, 2.58, 2.76);
INSERT INTO grade (student_id, semester, course_name, course_grade, semester_grade, avg_grade) VALUES (201800014, 3, '조직행동론', 4, 2.58, 2.76);
INSERT INTO grade (student_id, semester, course_name, course_grade, semester_grade, avg_grade) VALUES (201800014, 3, '재무관리', 1, 2.58, 2.76);
INSERT INTO grade (student_id, semester, course_name, course_grade, semester_grade, avg_grade) VALUES (202200015, 1, '이산수학', 2, 2.92, 3.01);
INSERT INTO grade (student_id, semester, course_name, course_grade, semester_grade, avg_grade) VALUES (202200015, 1, '선형대수', 3, 2.92, 3.01);
INSERT INTO grade (student_id, semester, course_name, course_grade, semester_grade, avg_grade) VALUES (202200015, 1, '소프트웨어공학', 3, 2.92, 3.01);
INSERT INTO grade (student_id, semester, course_name, course_grade, semester_grade, avg_grade) VALUES (202200015, 1, '확률과통계', 3.5, 2.92, 3.01);
INSERT INTO grade (student_id, semester, course_name, course_grade, semester_grade, avg_grade) VALUES (202200015, 1, '생산관리', 2.5, 2.92, 3.01);
INSERT INTO grade (student_id, semester, course_name, course_grade, semester_grade, avg_grade) VALUES (202200015, 1, '품질관리', 3.5, 2.92, 3.01);
INSERT INTO grade (student_id, semester, course_name, course_grade, semester_grade, avg_grade) VALUES (202200015, 2, '알고리즘', 2.5, 2.88, 3.01);
INSERT INTO grade (student_id, semester, course_name, course_grade, semester_grade, avg_grade) VALUES (202200015, 2, '생산관리', 3, 2.88, 3.01);
INSERT INTO grade (student_id, semester, course_name, course_grade, semester_grade, avg_grade) VALUES (202200015, 2, '이산수학', 2.5, 2.88, 3.01);
INSERT INTO grade (student_id, semester, course_name, course_grade, semester_grade, avg_grade) VALUES (202200015, 2, '경영과학', 3.5, 2.88, 3.01);
INSERT INTO grade (student_id, semester, course_name, course_grade, semester_grade, avg_grade) VALUES (202200015, 3, '인공지능', 2.5, 2.8, 3.01);
INSERT INTO grade (student_id, semester, course_name, course_grade, semester_grade, avg_grade) VALUES (202200015, 3, '확률과통계', 3.5, 2.8, 3.01);
INSERT INTO grade (student_id, semester, course_name, course_grade, semester_grade, avg_grade) VALUES (202200015, 3, '경제학원론', 2, 2.8, 3.01);
INSERT INTO grade (student_id, semester, course_name, course_grade, semester_grade, avg_grade) VALUES (202200015, 3, '공학수학', 2.5, 2.8, 3.01);
INSERT INTO grade (student_id, semester, course_name, course_grade, semester_grade, avg_grade) VALUES (202200015, 3, '머신러닝', 3.5, 2.8, 3.01);
INSERT INTO grade (student_id, semester, course_name, course_grade, semester_grade, avg_grade) VALUES (202200015, 4, '회계원리', 2.5, 2.62, 3.01);
INSERT INTO grade (student_id, semester, course_name, course_grade, semester_grade, avg_grade) VALUES (202200015, 4, '공학수학', 3, 2.62, 3.01);
INSERT INTO grade (student_id, semester, course_name, course_grade, semester_grade, avg_grade) VALUES (202200015, 4, '알고리즘', 2.5, 2.62, 3.01);
INSERT INTO grade (student_id, semester, course_name, course_grade, semester_grade, avg_grade) VALUES (202200015, 4, '경영과학', 2.5, 2.62, 3.01);
INSERT INTO grade (student_id, semester, course_name, course_grade, semester_grade, avg_grade) VALUES (202200015, 5, '경제학원론', 3.5, 3.33, 3.01);
INSERT INTO grade (student_id, semester, course_name, course_grade, semester_grade, avg_grade) VALUES (202200015, 5, '이산수학', 4, 3.33, 3.01);
INSERT INTO grade (student_id, semester, course_name, course_grade, semester_grade, avg_grade) VALUES (202200015, 5, '운영체제', 2.5, 3.33, 3.01);
INSERT INTO grade (student_id, semester, course_name, course_grade, semester_grade, avg_grade) VALUES (202200015, 5, '알고리즘', 3.5, 3.33, 3.01);
INSERT INTO grade (student_id, semester, course_name, course_grade, semester_grade, avg_grade) VALUES (202200015, 5, '품질관리', 3, 3.33, 3.01);
INSERT INTO grade (student_id, semester, course_name, course_grade, semester_grade, avg_grade) VALUES (202200015, 5, '데이터베이스', 3.5, 3.33, 3.01);
INSERT INTO grade (student_id, semester, course_name, course_grade, semester_grade, avg_grade) VALUES (202200015, 6, '마케팅원론', 3.5, 3.5, 3.01);
INSERT INTO grade (student_id, semester, course_name, course_grade, semester_grade, avg_grade) VALUES (202200015, 6, '인공지능', 4, 3.5, 3.01);
INSERT INTO grade (student_id, semester, course_name, course_grade, semester_grade, avg_grade) VALUES (202200015, 6, '머신러닝', 4, 3.5, 3.01);
INSERT INTO grade (student_id, semester, course_name, course_grade, semester_grade, avg_grade) VALUES (202200015, 6, '이산수학', 4, 3.5, 3.01);
INSERT INTO grade (student_id, semester, course_name, course_grade, semester_grade, avg_grade) VALUES (202200015, 6, '생산관리', 3, 3.5, 3.01);
INSERT INTO grade (student_id, semester, course_name, course_grade, semester_grade, avg_grade) VALUES (202200015, 6, '선형대수', 2.5, 3.5, 3.01);
INSERT INTO grade (student_id, semester, course_name, course_grade, semester_grade, avg_grade) VALUES (202100016, 1, '공학수학', 2.5, 2.5, 3.3);
INSERT INTO grade (student_id, semester, course_name, course_grade, semester_grade, avg_grade) VALUES (202100016, 1, '재무관리', 1, 2.5, 3.3);
INSERT INTO grade (student_id, semester, course_name, course_grade, semester_grade, avg_grade) VALUES (202100016, 1, '경제학원론', 3, 2.5, 3.3);
INSERT INTO grade (student_id, semester, course_name, course_grade, semester_grade, avg_grade) VALUES (202100016, 1, '생산관리', 3.5, 2.5, 3.3);
INSERT INTO grade (student_id, semester, course_name, course_grade, semester_grade, avg_grade) VALUES (202100016, 2, '공학수학', 4, 3.75, 3.3);
INSERT INTO grade (student_id, semester, course_name, course_grade, semester_grade, avg_grade) VALUES (202100016, 2, '품질관리', 4.5, 3.75, 3.3);
INSERT INTO grade (student_id, semester, course_name, course_grade, semester_grade, avg_grade) VALUES (202100016, 2, '경영과학', 3, 3.75, 3.3);
INSERT INTO grade (student_id, semester, course_name, course_grade, semester_grade, avg_grade) VALUES (202100016, 2, '머신러닝', 3.5, 3.75, 3.3);
INSERT INTO grade (student_id, semester, course_name, course_grade, semester_grade, avg_grade) VALUES (202100016, 3, '마케팅원론', 4, 3.75, 3.3);
INSERT INTO grade (student_id, semester, course_name, course_grade, semester_grade, avg_grade) VALUES (202100016, 3, '품질관리', 4.5, 3.75, 3.3);
INSERT INTO grade (student_id, semester, course_name, course_grade, semester_grade, avg_grade) VALUES (202100016, 3, '선형대수', 3.5, 3.75, 3.3);
INSERT INTO grade (student_id, semester, course_name, course_grade, semester_grade, avg_grade) VALUES (202100016, 3, '경제학원론', 3, 3.75, 3.3);
INSERT INTO grade (student_id, semester, course_name, course_grade, semester_grade, avg_grade) VALUES (202100016, 4, '확률과통계', 2, 3.5, 3.3);
INSERT INTO grade (student_id, semester, course_name, course_grade, semester_grade, avg_grade) VALUES (202100016, 4, '자료구조', 3.5, 3.5, 3.3);
INSERT INTO grade (student_id, semester, course_name, course_grade, semester_grade, avg_grade) VALUES (202100016, 4, '생산관리', 4.5, 3.5, 3.3);
INSERT INTO grade (student_id, semester, course_name, course_grade, semester_grade, avg_grade) VALUES (202100016, 4, '경제학원론', 3, 3.5, 3.3);
INSERT INTO grade (student_id, semester, course_name, course_grade, semester_grade, avg_grade) VALUES (202100016, 4, '데이터베이스', 4.5, 3.5, 3.3);
INSERT INTO grade (student_id, semester, course_name, course_grade, semester_grade, avg_grade) VALUES (202100016, 5, '조직행동론', 4, 3, 3.3);
INSERT INTO grade (student_id, semester, course_name, course_grade, semester_grade, avg_grade) VALUES (202100016, 5, '품질관리', 2.5, 3, 3.3);
INSERT INTO grade (student_id, semester, course_name, course_grade, semester_grade, avg_grade) VALUES (202100016, 5, '알고리즘', 3, 3, 3.3);
INSERT INTO grade (student_id, semester, course_name, course_grade, semester_grade, avg_grade) VALUES (202100016, 5, '경영과학', 2.5, 3, 3.3);
INSERT INTO grade (student_id, semester, course_name, course_grade, semester_grade, avg_grade) VALUES (201800017, 1, '회계원리', 3.5, 3.25, 3.27);
INSERT INTO grade (student_id, semester, course_name, course_grade, semester_grade, avg_grade) VALUES (201800017, 1, '컴퓨터네트워크', 3, 3.25, 3.27);
INSERT INTO grade (student_id, semester, course_name, course_grade, semester_grade, avg_grade) VALUES (201800017, 1, '이산수학', 3.5, 3.25, 3.27);
INSERT INTO grade (student_id, semester, course_name, course_grade, semester_grade, avg_grade) VALUES (201800017, 1, '마케팅원론', 3, 3.25, 3.27);
INSERT INTO grade (student_id, semester, course_name, course_grade, semester_grade, avg_grade) VALUES (201800017, 2, '재무관리', 3.5, 3.75, 3.27);
INSERT INTO grade (student_id, semester, course_name, course_grade, semester_grade, avg_grade) VALUES (201800017, 2, '데이터베이스', 4.5, 3.75, 3.27);
INSERT INTO grade (student_id, semester, course_name, course_grade, semester_grade, avg_grade) VALUES (201800017, 2, '공학수학', 4, 3.75, 3.27);
INSERT INTO grade (student_id, semester, course_name, course_grade, semester_grade, avg_grade) VALUES (201800017, 2, '마케팅원론', 3, 3.75, 3.27);
INSERT INTO grade (student_id, semester, course_name, course_grade, semester_grade, avg_grade) VALUES (201800017, 3, '운영체제', 3.5, 3.12, 3.27);
INSERT INTO grade (student_id, semester, course_name, course_grade, semester_grade, avg_grade) VALUES (201800017, 3, '소프트웨어공학', 4, 3.12, 3.27);
INSERT INTO grade (student_id, semester, course_name, course_grade, semester_grade, avg_grade) VALUES (201800017, 3, '이산수학', 2.5, 3.12, 3.27);
INSERT INTO grade (student_id, semester, course_name, course_grade, semester_grade, avg_grade) VALUES (201800017, 3, '경제학원론', 2.5, 3.12, 3.27);
INSERT INTO grade (student_id, semester, course_name, course_grade, semester_grade, avg_grade) VALUES (201800017, 4, '알고리즘', 4, 3.9, 3.27);
INSERT INTO grade (student_id, semester, course_name, course_grade, semester_grade, avg_grade) VALUES (201800017, 4, '경영과학', 4, 3.9, 3.27);
INSERT INTO grade (student_id, semester, course_name, course_grade, semester_grade, avg_grade) VALUES (201800017, 4, '생산관리', 4, 3.9, 3.27);
INSERT INTO grade (student_id, semester, course_name, course_grade, semester_grade, avg_grade) VALUES (201800017, 4, '공학수학', 3.5, 3.9, 3.27);
INSERT INTO grade (student_id, semester, course_name, course_grade, semester_grade, avg_grade) VALUES (201800017, 4, '소프트웨어공학', 4, 3.9, 3.27);
INSERT INTO grade (student_id, semester, course_name, course_grade, semester_grade, avg_grade) VALUES (201800017, 5, '확률과통계', 4, 2.62, 3.27);
INSERT INTO grade (student_id, semester, course_name, course_grade, semester_grade, avg_grade) VALUES (201800017, 5, '품질관리', 2.5, 2.62, 3.27);
INSERT INTO grade (student_id, semester, course_name, course_grade, semester_grade, avg_grade) VALUES (201800017, 5, '조직행동론', 2.5, 2.62, 3.27);
INSERT INTO grade (student_id, semester, course_name, course_grade, semester_grade, avg_grade) VALUES (201800017, 5, '이산수학', 1.5, 2.62, 3.27);
INSERT INTO grade (student_id, semester, course_name, course_grade, semester_grade, avg_grade) VALUES (201800017, 6, '마케팅원론', 3.5, 3, 3.27);
INSERT INTO grade (student_id, semester, course_name, course_grade, semester_grade, avg_grade) VALUES (201800017, 6, '경제학원론', 3.5, 3, 3.27);
INSERT INTO grade (student_id, semester, course_name, course_grade, semester_grade, avg_grade) VALUES (201800017, 6, '이산수학', 3.5, 3, 3.27);
INSERT INTO grade (student_id, semester, course_name, course_grade, semester_grade, avg_grade) VALUES (201800017, 6, '알고리즘', 4.5, 3, 3.27);
INSERT INTO grade (student_id, semester, course_name, course_grade, semester_grade, avg_grade) VALUES (201800017, 6, '자료구조', 1, 3, 3.27);
INSERT INTO grade (student_id, semester, course_name, course_grade, semester_grade, avg_grade) VALUES (201800017, 6, '재무관리', 2, 3, 3.27);
INSERT INTO grade (student_id, semester, course_name, course_grade, semester_grade, avg_grade) VALUES (201800018, 1, '조직행동론', 3, 2.58, 3.17);
INSERT INTO grade (student_id, semester, course_name, course_grade, semester_grade, avg_grade) VALUES (201800018, 1, '운영체제', 3.5, 2.58, 3.17);
INSERT INTO grade (student_id, semester, course_name, course_grade, semester_grade, avg_grade) VALUES (201800018, 1, '생산관리', 3.5, 2.58, 3.17);
INSERT INTO grade (student_id, semester, course_name, course_grade, semester_grade, avg_grade) VALUES (201800018, 1, '자료구조', 0, 2.58, 3.17);
INSERT INTO grade (student_id, semester, course_name, course_grade, semester_grade, avg_grade) VALUES (201800018, 1, '확률과통계', 3.5, 2.58, 3.17);
INSERT INTO grade (student_id, semester, course_name, course_grade, semester_grade, avg_grade) VALUES (201800018, 1, '경영과학', 2, 2.58, 3.17);
INSERT INTO grade (student_id, semester, course_name, course_grade, semester_grade, avg_grade) VALUES (201800018, 2, '경제학원론', 3.5, 3.75, 3.17);
INSERT INTO grade (student_id, semester, course_name, course_grade, semester_grade, avg_grade) VALUES (201800018, 2, '머신러닝', 4, 3.75, 3.17);
INSERT INTO grade (student_id, semester, course_name, course_grade, semester_grade, avg_grade) VALUES (201800018, 2, '소프트웨어공학', 4, 3.75, 3.17);
INSERT INTO grade (student_id, semester, course_name, course_grade, semester_grade, avg_grade) VALUES (201800018, 2, '인공지능', 3.5, 3.75, 3.17);
INSERT INTO grade (student_id, semester, course_name, course_grade, semester_grade, avg_grade) VALUES (201800019, 1, '품질관리', 4.5, 3.3, 3.11);
INSERT INTO grade (student_id, semester, course_name, course_grade, semester_grade, avg_grade) VALUES (201800019, 1, '컴퓨터네트워크', 3.5, 3.3, 3.11);
INSERT INTO grade (student_id, semester, course_name, course_grade, semester_grade, avg_grade) VALUES (201800019, 1, '마케팅원론', 4, 3.3, 3.11);
INSERT INTO grade (student_id, semester, course_name, course_grade, semester_grade, avg_grade) VALUES (201800019, 1, '자료구조', 2.5, 3.3, 3.11);
INSERT INTO grade (student_id, semester, course_name, course_grade, semester_grade, avg_grade) VALUES (201800019, 1, '이산수학', 2, 3.3, 3.11);
INSERT INTO grade (student_id, semester, course_name, course_grade, semester_grade, avg_grade) VALUES (201800019, 2, '마케팅원론', 4, 3.25, 3.11);
INSERT INTO grade (student_id, semester, course_name, course_grade, semester_grade, avg_grade) VALUES (201800019, 2, '이산수학', 3.5, 3.25, 3.11);
INSERT INTO grade (student_id, semester, course_name, course_grade, semester_grade, avg_grade) VALUES (201800019, 2, '소프트웨어공학', 2.5, 3.25, 3.11);
INSERT INTO grade (student_id, semester, course_name, course_grade, semester_grade, avg_grade) VALUES (201800019, 2, '자료구조', 3, 3.25, 3.11);
INSERT INTO grade (student_id, semester, course_name, course_grade, semester_grade, avg_grade) VALUES (201800019, 3, '공학수학', 1.5, 2.88, 3.11);
INSERT INTO grade (student_id, semester, course_name, course_grade, semester_grade, avg_grade) VALUES (201800019, 3, '생산관리', 3.5, 2.88, 3.11);
INSERT INTO grade (student_id, semester, course_name, course_grade, semester_grade, avg_grade) VALUES (201800019, 3, '마케팅원론', 2.5, 2.88, 3.11);
INSERT INTO grade (student_id, semester, course_name, course_grade, semester_grade, avg_grade) VALUES (201800019, 3, '선형대수', 4, 2.88, 3.11);
INSERT INTO grade (student_id, semester, course_name, course_grade, semester_grade, avg_grade) VALUES (201800019, 4, '재무관리', 3.5, 3, 3.11);
INSERT INTO grade (student_id, semester, course_name, course_grade, semester_grade, avg_grade) VALUES (201800019, 4, '경영과학', 4, 3, 3.11);
INSERT INTO grade (student_id, semester, course_name, course_grade, semester_grade, avg_grade) VALUES (201800019, 4, '확률과통계', 2, 3, 3.11);
INSERT INTO grade (student_id, semester, course_name, course_grade, semester_grade, avg_grade) VALUES (201800019, 4, '품질관리', 4, 3, 3.11);
INSERT INTO grade (student_id, semester, course_name, course_grade, semester_grade, avg_grade) VALUES (201800019, 4, '운영체제', 1.5, 3, 3.11);
INSERT INTO grade (student_id, semester, course_name, course_grade, semester_grade, avg_grade) VALUES (201800019, 4, '생산관리', 3, 3, 3.11);
INSERT INTO grade (student_id, semester, course_name, course_grade, semester_grade, avg_grade) VALUES (201900020, 1, '경제학원론', 3.5, 3.12, 3.03);
INSERT INTO grade (student_id, semester, course_name, course_grade, semester_grade, avg_grade) VALUES (201900020, 1, '품질관리', 3, 3.12, 3.03);
INSERT INTO grade (student_id, semester, course_name, course_grade, semester_grade, avg_grade) VALUES (201900020, 1, '회계원리', 3, 3.12, 3.03);
INSERT INTO grade (student_id, semester, course_name, course_grade, semester_grade, avg_grade) VALUES (201900020, 1, '생산관리', 3, 3.12, 3.03);
INSERT INTO grade (student_id, semester, course_name, course_grade, semester_grade, avg_grade) VALUES (201900020, 2, '컴퓨터네트워크', 2, 2.88, 3.03);
INSERT INTO grade (student_id, semester, course_name, course_grade, semester_grade, avg_grade) VALUES (201900020, 2, '공학수학', 3.5, 2.88, 3.03);
INSERT INTO grade (student_id, semester, course_name, course_grade, semester_grade, avg_grade) VALUES (201900020, 2, '회계원리', 2.5, 2.88, 3.03);
INSERT INTO grade (student_id, semester, course_name, course_grade, semester_grade, avg_grade) VALUES (201900020, 2, '선형대수', 3.5, 2.88, 3.03);
INSERT INTO grade (student_id, semester, course_name, course_grade, semester_grade, avg_grade) VALUES (201900020, 3, '생산관리', 4, 3.25, 3.03);
INSERT INTO grade (student_id, semester, course_name, course_grade, semester_grade, avg_grade) VALUES (201900020, 3, '운영체제', 3, 3.25, 3.03);
INSERT INTO grade (student_id, semester, course_name, course_grade, semester_grade, avg_grade) VALUES (201900020, 3, '품질관리', 3.5, 3.25, 3.03);
INSERT INTO grade (student_id, semester, course_name, course_grade, semester_grade, avg_grade) VALUES (201900020, 3, '마케팅원론', 3, 3.25, 3.03);
INSERT INTO grade (student_id, semester, course_name, course_grade, semester_grade, avg_grade) VALUES (201900020, 3, '경제학원론', 3, 3.25, 3.03);
INSERT INTO grade (student_id, semester, course_name, course_grade, semester_grade, avg_grade) VALUES (201900020, 3, '소프트웨어공학', 3, 3.25, 3.03);
INSERT INTO grade (student_id, semester, course_name, course_grade, semester_grade, avg_grade) VALUES (201900020, 4, '공학수학', 4.5, 3, 3.03);
INSERT INTO grade (student_id, semester, course_name, course_grade, semester_grade, avg_grade) VALUES (201900020, 4, '경영과학', 2.5, 3, 3.03);
INSERT INTO grade (student_id, semester, course_name, course_grade, semester_grade, avg_grade) VALUES (201900020, 4, '컴퓨터네트워크', 2.5, 3, 3.03);
INSERT INTO grade (student_id, semester, course_name, course_grade, semester_grade, avg_grade) VALUES (201900020, 4, '조직행동론', 2, 3, 3.03);
INSERT INTO grade (student_id, semester, course_name, course_grade, semester_grade, avg_grade) VALUES (201900020, 4, '소프트웨어공학', 3.5, 3, 3.03);
INSERT INTO grade (student_id, semester, course_name, course_grade, semester_grade, avg_grade) VALUES (201900020, 5, '선형대수', 4, 3.42, 3.03);
INSERT INTO grade (student_id, semester, course_name, course_grade, semester_grade, avg_grade) VALUES (201900020, 5, '경제학원론', 2, 3.42, 3.03);
INSERT INTO grade (student_id, semester, course_name, course_grade, semester_grade, avg_grade) VALUES (201900020, 5, '자료구조', 4.5, 3.42, 3.03);
INSERT INTO grade (student_id, semester, course_name, course_grade, semester_grade, avg_grade) VALUES (201900020, 5, '재무관리', 1.5, 3.42, 3.03);
INSERT INTO grade (student_id, semester, course_name, course_grade, semester_grade, avg_grade) VALUES (201900020, 5, '인공지능', 4.5, 3.42, 3.03);
INSERT INTO grade (student_id, semester, course_name, course_grade, semester_grade, avg_grade) VALUES (201900020, 5, '소프트웨어공학', 4, 3.42, 3.03);
INSERT INTO grade (student_id, semester, course_name, course_grade, semester_grade, avg_grade) VALUES (201900020, 6, '선형대수', 2.5, 2.5, 3.03);
INSERT INTO grade (student_id, semester, course_name, course_grade, semester_grade, avg_grade) VALUES (201900020, 6, '알고리즘', 3, 2.5, 3.03);
INSERT INTO grade (student_id, semester, course_name, course_grade, semester_grade, avg_grade) VALUES (201900020, 6, '경제학원론', 2, 2.5, 3.03);
INSERT INTO grade (student_id, semester, course_name, course_grade, semester_grade, avg_grade) VALUES (201900020, 6, '생산관리', 2, 2.5, 3.03);
INSERT INTO grade (student_id, semester, course_name, course_grade, semester_grade, avg_grade) VALUES (201900020, 6, '인공지능', 2, 2.5, 3.03);
INSERT INTO grade (student_id, semester, course_name, course_grade, semester_grade, avg_grade) VALUES (201900020, 6, '품질관리', 3.5, 2.5, 3.03);
INSERT INTO grade (student_id, semester, course_name, course_grade, semester_grade, avg_grade) VALUES (201900021, 1, '경제학원론', 3, 2.1, 2.76);
INSERT INTO grade (student_id, semester, course_name, course_grade, semester_grade, avg_grade) VALUES (201900021, 1, '마케팅원론', 1.5, 2.1, 2.76);
INSERT INTO grade (student_id, semester, course_name, course_grade, semester_grade, avg_grade) VALUES (201900021, 1, '자료구조', 0, 2.1, 2.76);
INSERT INTO grade (student_id, semester, course_name, course_grade, semester_grade, avg_grade) VALUES (201900021, 1, '알고리즘', 2.5, 2.1, 2.76);
INSERT INTO grade (student_id, semester, course_name, course_grade, semester_grade, avg_grade) VALUES (201900021, 1, '경영과학', 3.5, 2.1, 2.76);
INSERT INTO grade (student_id, semester, course_name, course_grade, semester_grade, avg_grade) VALUES (201900021, 2, '데이터베이스', 1.5, 3, 2.76);
INSERT INTO grade (student_id, semester, course_name, course_grade, semester_grade, avg_grade) VALUES (201900021, 2, '이산수학', 4.5, 3, 2.76);
INSERT INTO grade (student_id, semester, course_name, course_grade, semester_grade, avg_grade) VALUES (201900021, 2, '확률과통계', 2.5, 3, 2.76);
INSERT INTO grade (student_id, semester, course_name, course_grade, semester_grade, avg_grade) VALUES (201900021, 2, '품질관리', 3.5, 3, 2.76);
INSERT INTO grade (student_id, semester, course_name, course_grade, semester_grade, avg_grade) VALUES (201900021, 3, '소프트웨어공학', 3, 3.2, 2.76);
INSERT INTO grade (student_id, semester, course_name, course_grade, semester_grade, avg_grade) VALUES (201900021, 3, '선형대수', 2.5, 3.2, 2.76);
INSERT INTO grade (student_id, semester, course_name, course_grade, semester_grade, avg_grade) VALUES (201900021, 3, '경영과학', 4, 3.2, 2.76);
INSERT INTO grade (student_id, semester, course_name, course_grade, semester_grade, avg_grade) VALUES (201900021, 3, '회계원리', 4.5, 3.2, 2.76);
INSERT INTO grade (student_id, semester, course_name, course_grade, semester_grade, avg_grade) VALUES (201900021, 3, '재무관리', 2, 3.2, 2.76);
INSERT INTO grade (student_id, semester, course_name, course_grade, semester_grade, avg_grade) VALUES (201900021, 4, '경영과학', 3.5, 2.92, 2.76);
INSERT INTO grade (student_id, semester, course_name, course_grade, semester_grade, avg_grade) VALUES (201900021, 4, '경제학원론', 3.5, 2.92, 2.76);
INSERT INTO grade (student_id, semester, course_name, course_grade, semester_grade, avg_grade) VALUES (201900021, 4, '선형대수', 4.5, 2.92, 2.76);
INSERT INTO grade (student_id, semester, course_name, course_grade, semester_grade, avg_grade) VALUES (201900021, 4, '재무관리', 2, 2.92, 2.76);
INSERT INTO grade (student_id, semester, course_name, course_grade, semester_grade, avg_grade) VALUES (201900021, 4, '이산수학', 1.5, 2.92, 2.76);
INSERT INTO grade (student_id, semester, course_name, course_grade, semester_grade, avg_grade) VALUES (201900021, 4, '인공지능', 2.5, 2.92, 2.76);
INSERT INTO grade (student_id, semester, course_name, course_grade, semester_grade, avg_grade) VALUES (201900021, 5, '알고리즘', 3, 3, 2.76);
INSERT INTO grade (student_id, semester, course_name, course_grade, semester_grade, avg_grade) VALUES (201900021, 5, '이산수학', 3.5, 3, 2.76);
INSERT INTO grade (student_id, semester, course_name, course_grade, semester_grade, avg_grade) VALUES (201900021, 5, '머신러닝', 3.5, 3, 2.76);
INSERT INTO grade (student_id, semester, course_name, course_grade, semester_grade, avg_grade) VALUES (201900021, 5, '품질관리', 2, 3, 2.76);
INSERT INTO grade (student_id, semester, course_name, course_grade, semester_grade, avg_grade) VALUES (201900021, 6, '컴퓨터네트워크', 3.5, 3.25, 2.76);
INSERT INTO grade (student_id, semester, course_name, course_grade, semester_grade, avg_grade) VALUES (201900021, 6, '경제학원론', 3.5, 3.25, 2.76);
INSERT INTO grade (student_id, semester, course_name, course_grade, semester_grade, avg_grade) VALUES (201900021, 6, '데이터베이스', 3.5, 3.25, 2.76);
INSERT INTO grade (student_id, semester, course_name, course_grade, semester_grade, avg_grade) VALUES (201900021, 6, '경영과학', 2.5, 3.25, 2.76);
INSERT INTO grade (student_id, semester, course_name, course_grade, semester_grade, avg_grade) VALUES (201900021, 7, '컴퓨터네트워크', 1.5, 1.88, 2.76);
INSERT INTO grade (student_id, semester, course_name, course_grade, semester_grade, avg_grade) VALUES (201900021, 7, '생산관리', 2.5, 1.88, 2.76);
INSERT INTO grade (student_id, semester, course_name, course_grade, semester_grade, avg_grade) VALUES (201900021, 7, '운영체제', 2, 1.88, 2.76);
INSERT INTO grade (student_id, semester, course_name, course_grade, semester_grade, avg_grade) VALUES (201900021, 7, '자료구조', 1.5, 1.88, 2.76);
INSERT INTO grade (student_id, semester, course_name, course_grade, semester_grade, avg_grade) VALUES (202200022, 1, '재무관리', 3, 2.62, 2.62);
INSERT INTO grade (student_id, semester, course_name, course_grade, semester_grade, avg_grade) VALUES (202200022, 1, '머신러닝', 2.5, 2.62, 2.62);
INSERT INTO grade (student_id, semester, course_name, course_grade, semester_grade, avg_grade) VALUES (202200022, 1, '경영과학', 2.5, 2.62, 2.62);
INSERT INTO grade (student_id, semester, course_name, course_grade, semester_grade, avg_grade) VALUES (202200022, 1, '공학수학', 2.5, 2.62, 2.62);
INSERT INTO grade (student_id, semester, course_name, course_grade, semester_grade, avg_grade) VALUES (202200023, 1, '데이터베이스', 4.5, 3.38, 2.88);
INSERT INTO grade (student_id, semester, course_name, course_grade, semester_grade, avg_grade) VALUES (202200023, 1, '자료구조', 3.5, 3.38, 2.88);
INSERT INTO grade (student_id, semester, course_name, course_grade, semester_grade, avg_grade) VALUES (202200023, 1, '품질관리', 4, 3.38, 2.88);
INSERT INTO grade (student_id, semester, course_name, course_grade, semester_grade, avg_grade) VALUES (202200023, 1, '이산수학', 1.5, 3.38, 2.88);
INSERT INTO grade (student_id, semester, course_name, course_grade, semester_grade, avg_grade) VALUES (202200023, 2, '소프트웨어공학', 3, 2.4, 2.88);
INSERT INTO grade (student_id, semester, course_name, course_grade, semester_grade, avg_grade) VALUES (202200023, 2, '확률과통계', 1.5, 2.4, 2.88);
INSERT INTO grade (student_id, semester, course_name, course_grade, semester_grade, avg_grade) VALUES (202200023, 2, '공학수학', 2, 2.4, 2.88);
INSERT INTO grade (student_id, semester, course_name, course_grade, semester_grade, avg_grade) VALUES (202200023, 2, '선형대수', 3.5, 2.4, 2.88);
INSERT INTO grade (student_id, semester, course_name, course_grade, semester_grade, avg_grade) VALUES (202200023, 2, '머신러닝', 2, 2.4, 2.88);
INSERT INTO grade (student_id, semester, course_name, course_grade, semester_grade, avg_grade) VALUES (202200023, 3, '품질관리', 4, 2.1, 2.88);
INSERT INTO grade (student_id, semester, course_name, course_grade, semester_grade, avg_grade) VALUES (202200023, 3, '인공지능', 1, 2.1, 2.88);
INSERT INTO grade (student_id, semester, course_name, course_grade, semester_grade, avg_grade) VALUES (202200023, 3, '데이터베이스', 2, 2.1, 2.88);
INSERT INTO grade (student_id, semester, course_name, course_grade, semester_grade, avg_grade) VALUES (202200023, 3, '이산수학', 2.5, 2.1, 2.88);
INSERT INTO grade (student_id, semester, course_name, course_grade, semester_grade, avg_grade) VALUES (202200023, 3, '알고리즘', 1, 2.1, 2.88);
INSERT INTO grade (student_id, semester, course_name, course_grade, semester_grade, avg_grade) VALUES (202200023, 4, '머신러닝', 4, 3.33, 2.88);
INSERT INTO grade (student_id, semester, course_name, course_grade, semester_grade, avg_grade) VALUES (202200023, 4, '알고리즘', 3.5, 3.33, 2.88);
INSERT INTO grade (student_id, semester, course_name, course_grade, semester_grade, avg_grade) VALUES (202200023, 4, '컴퓨터네트워크', 2.5, 3.33, 2.88);
INSERT INTO grade (student_id, semester, course_name, course_grade, semester_grade, avg_grade) VALUES (202200023, 4, '운영체제', 3.5, 3.33, 2.88);
INSERT INTO grade (student_id, semester, course_name, course_grade, semester_grade, avg_grade) VALUES (202200023, 4, '생산관리', 3.5, 3.33, 2.88);
INSERT INTO grade (student_id, semester, course_name, course_grade, semester_grade, avg_grade) VALUES (202200023, 4, '경제학원론', 3, 3.33, 2.88);
INSERT INTO grade (student_id, semester, course_name, course_grade, semester_grade, avg_grade) VALUES (202200023, 5, '데이터베이스', 1.5, 2.7, 2.88);
INSERT INTO grade (student_id, semester, course_name, course_grade, semester_grade, avg_grade) VALUES (202200023, 5, '경영과학', 4, 2.7, 2.88);
INSERT INTO grade (student_id, semester, course_name, course_grade, semester_grade, avg_grade) VALUES (202200023, 5, '경제학원론', 4.5, 2.7, 2.88);
INSERT INTO grade (student_id, semester, course_name, course_grade, semester_grade, avg_grade) VALUES (202200023, 5, '운영체제', 2, 2.7, 2.88);
INSERT INTO grade (student_id, semester, course_name, course_grade, semester_grade, avg_grade) VALUES (202200023, 5, '인공지능', 1.5, 2.7, 2.88);
INSERT INTO grade (student_id, semester, course_name, course_grade, semester_grade, avg_grade) VALUES (202200023, 6, '소프트웨어공학', 3.5, 3.4, 2.88);
INSERT INTO grade (student_id, semester, course_name, course_grade, semester_grade, avg_grade) VALUES (202200023, 6, '데이터베이스', 3, 3.4, 2.88);
INSERT INTO grade (student_id, semester, course_name, course_grade, semester_grade, avg_grade) VALUES (202200023, 6, '선형대수', 4.5, 3.4, 2.88);
INSERT INTO grade (student_id, semester, course_name, course_grade, semester_grade, avg_grade) VALUES (202200023, 6, '자료구조', 2, 3.4, 2.88);
INSERT INTO grade (student_id, semester, course_name, course_grade, semester_grade, avg_grade) VALUES (202200023, 6, '회계원리', 4, 3.4, 2.88);
INSERT INTO grade (student_id, semester, course_name, course_grade, semester_grade, avg_grade) VALUES (201800024, 1, '머신러닝', 2.5, 2.5, 2.97);
INSERT INTO grade (student_id, semester, course_name, course_grade, semester_grade, avg_grade) VALUES (201800024, 1, '마케팅원론', 2, 2.5, 2.97);
INSERT INTO grade (student_id, semester, course_name, course_grade, semester_grade, avg_grade) VALUES (201800024, 1, '소프트웨어공학', 3, 2.5, 2.97);
INSERT INTO grade (student_id, semester, course_name, course_grade, semester_grade, avg_grade) VALUES (201800024, 1, '선형대수', 1.5, 2.5, 2.97);
INSERT INTO grade (student_id, semester, course_name, course_grade, semester_grade, avg_grade) VALUES (201800024, 1, '조직행동론', 3.5, 2.5, 2.97);
INSERT INTO grade (student_id, semester, course_name, course_grade, semester_grade, avg_grade) VALUES (201800024, 2, '머신러닝', 3.5, 2.67, 2.97);
INSERT INTO grade (student_id, semester, course_name, course_grade, semester_grade, avg_grade) VALUES (201800024, 2, '공학수학', 0, 2.67, 2.97);
INSERT INTO grade (student_id, semester, course_name, course_grade, semester_grade, avg_grade) VALUES (201800024, 2, '이산수학', 3.5, 2.67, 2.97);
INSERT INTO grade (student_id, semester, course_name, course_grade, semester_grade, avg_grade) VALUES (201800024, 2, '마케팅원론', 1.5, 2.67, 2.97);
INSERT INTO grade (student_id, semester, course_name, course_grade, semester_grade, avg_grade) VALUES (201800024, 2, '경영과학', 3, 2.67, 2.97);
INSERT INTO grade (student_id, semester, course_name, course_grade, semester_grade, avg_grade) VALUES (201800024, 2, '소프트웨어공학', 4.5, 2.67, 2.97);
INSERT INTO grade (student_id, semester, course_name, course_grade, semester_grade, avg_grade) VALUES (201800024, 3, '공학수학', 3, 3.4, 2.97);
INSERT INTO grade (student_id, semester, course_name, course_grade, semester_grade, avg_grade) VALUES (201800024, 3, '데이터베이스', 3, 3.4, 2.97);
INSERT INTO grade (student_id, semester, course_name, course_grade, semester_grade, avg_grade) VALUES (201800024, 3, '이산수학', 4.5, 3.4, 2.97);
INSERT INTO grade (student_id, semester, course_name, course_grade, semester_grade, avg_grade) VALUES (201800024, 3, '알고리즘', 2.5, 3.4, 2.97);
INSERT INTO grade (student_id, semester, course_name, course_grade, semester_grade, avg_grade) VALUES (201800024, 3, '재무관리', 4, 3.4, 2.97);
INSERT INTO grade (student_id, semester, course_name, course_grade, semester_grade, avg_grade) VALUES (201800024, 4, '조직행동론', 3, 2.88, 2.97);
INSERT INTO grade (student_id, semester, course_name, course_grade, semester_grade, avg_grade) VALUES (201800024, 4, '공학수학', 2, 2.88, 2.97);
INSERT INTO grade (student_id, semester, course_name, course_grade, semester_grade, avg_grade) VALUES (201800024, 4, '알고리즘', 4, 2.88, 2.97);
INSERT INTO grade (student_id, semester, course_name, course_grade, semester_grade, avg_grade) VALUES (201800024, 4, '재무관리', 2.5, 2.88, 2.97);
INSERT INTO grade (student_id, semester, course_name, course_grade, semester_grade, avg_grade) VALUES (201800024, 5, '운영체제', 4, 3.67, 2.97);
INSERT INTO grade (student_id, semester, course_name, course_grade, semester_grade, avg_grade) VALUES (201800024, 5, '생산관리', 2.5, 3.67, 2.97);
INSERT INTO grade (student_id, semester, course_name, course_grade, semester_grade, avg_grade) VALUES (201800024, 5, '선형대수', 4.5, 3.67, 2.97);
INSERT INTO grade (student_id, semester, course_name, course_grade, semester_grade, avg_grade) VALUES (201800024, 5, '마케팅원론', 4.5, 3.67, 2.97);
INSERT INTO grade (student_id, semester, course_name, course_grade, semester_grade, avg_grade) VALUES (201800024, 5, '조직행동론', 2.5, 3.67, 2.97);
INSERT INTO grade (student_id, semester, course_name, course_grade, semester_grade, avg_grade) VALUES (201800024, 5, '컴퓨터네트워크', 4, 3.67, 2.97);
INSERT INTO grade (student_id, semester, course_name, course_grade, semester_grade, avg_grade) VALUES (201800024, 6, '운영체제', 2.5, 2.7, 2.97);
INSERT INTO grade (student_id, semester, course_name, course_grade, semester_grade, avg_grade) VALUES (201800024, 6, '확률과통계', 3, 2.7, 2.97);
INSERT INTO grade (student_id, semester, course_name, course_grade, semester_grade, avg_grade) VALUES (201800024, 6, '생산관리', 2.5, 2.7, 2.97);
INSERT INTO grade (student_id, semester, course_name, course_grade, semester_grade, avg_grade) VALUES (201800024, 6, '자료구조', 3, 2.7, 2.97);
INSERT INTO grade (student_id, semester, course_name, course_grade, semester_grade, avg_grade) VALUES (201800024, 6, '선형대수', 2.5, 2.7, 2.97);
INSERT INTO grade (student_id, semester, course_name, course_grade, semester_grade, avg_grade) VALUES (202200025, 1, '조직행동론', 4.5, 2.67, 3.04);
INSERT INTO grade (student_id, semester, course_name, course_grade, semester_grade, avg_grade) VALUES (202200025, 1, '데이터베이스', 2.5, 2.67, 3.04);
INSERT INTO grade (student_id, semester, course_name, course_grade, semester_grade, avg_grade) VALUES (202200025, 1, '이산수학', 2, 2.67, 3.04);
INSERT INTO grade (student_id, semester, course_name, course_grade, semester_grade, avg_grade) VALUES (202200025, 1, '회계원리', 3, 2.67, 3.04);
INSERT INTO grade (student_id, semester, course_name, course_grade, semester_grade, avg_grade) VALUES (202200025, 1, '경영과학', 3, 2.67, 3.04);
INSERT INTO grade (student_id, semester, course_name, course_grade, semester_grade, avg_grade) VALUES (202200025, 1, '품질관리', 1, 2.67, 3.04);
INSERT INTO grade (student_id, semester, course_name, course_grade, semester_grade, avg_grade) VALUES (202200025, 2, '경제학원론', 3, 3.38, 3.04);
INSERT INTO grade (student_id, semester, course_name, course_grade, semester_grade, avg_grade) VALUES (202200025, 2, '컴퓨터네트워크', 1.5, 3.38, 3.04);
INSERT INTO grade (student_id, semester, course_name, course_grade, semester_grade, avg_grade) VALUES (202200025, 2, '소프트웨어공학', 4.5, 3.38, 3.04);
INSERT INTO grade (student_id, semester, course_name, course_grade, semester_grade, avg_grade) VALUES (202200025, 2, '데이터베이스', 4.5, 3.38, 3.04);
INSERT INTO grade (student_id, semester, course_name, course_grade, semester_grade, avg_grade) VALUES (202200025, 3, '선형대수', 0, 2.67, 3.04);
INSERT INTO grade (student_id, semester, course_name, course_grade, semester_grade, avg_grade) VALUES (202200025, 3, '알고리즘', 3, 2.67, 3.04);
INSERT INTO grade (student_id, semester, course_name, course_grade, semester_grade, avg_grade) VALUES (202200025, 3, '재무관리', 3, 2.67, 3.04);
INSERT INTO grade (student_id, semester, course_name, course_grade, semester_grade, avg_grade) VALUES (202200025, 3, '생산관리', 3, 2.67, 3.04);
INSERT INTO grade (student_id, semester, course_name, course_grade, semester_grade, avg_grade) VALUES (202200025, 3, '인공지능', 4.5, 2.67, 3.04);
INSERT INTO grade (student_id, semester, course_name, course_grade, semester_grade, avg_grade) VALUES (202200025, 3, '공학수학', 2.5, 2.67, 3.04);
INSERT INTO grade (student_id, semester, course_name, course_grade, semester_grade, avg_grade) VALUES (202200025, 4, '마케팅원론', 3.5, 3.42, 3.04);
INSERT INTO grade (student_id, semester, course_name, course_grade, semester_grade, avg_grade) VALUES (202200025, 4, '공학수학', 3, 3.42, 3.04);
INSERT INTO grade (student_id, semester, course_name, course_grade, semester_grade, avg_grade) VALUES (202200025, 4, '소프트웨어공학', 3.5, 3.42, 3.04);
INSERT INTO grade (student_id, semester, course_name, course_grade, semester_grade, avg_grade) VALUES (202200025, 4, '이산수학', 4.5, 3.42, 3.04);
INSERT INTO grade (student_id, semester, course_name, course_grade, semester_grade, avg_grade) VALUES (202200025, 4, '경영과학', 3.5, 3.42, 3.04);
INSERT INTO grade (student_id, semester, course_name, course_grade, semester_grade, avg_grade) VALUES (202200025, 4, '조직행동론', 2.5, 3.42, 3.04);
INSERT INTO grade (student_id, semester, course_name, course_grade, semester_grade, avg_grade) VALUES (201900026, 1, '선형대수', 4.5, 3.3, 3.3);
INSERT INTO grade (student_id, semester, course_name, course_grade, semester_grade, avg_grade) VALUES (201900026, 1, '경제학원론', 4.5, 3.3, 3.3);
INSERT INTO grade (student_id, semester, course_name, course_grade, semester_grade, avg_grade) VALUES (201900026, 1, '알고리즘', 2.5, 3.3, 3.3);
INSERT INTO grade (student_id, semester, course_name, course_grade, semester_grade, avg_grade) VALUES (201900026, 1, '마케팅원론', 2, 3.3, 3.3);
INSERT INTO grade (student_id, semester, course_name, course_grade, semester_grade, avg_grade) VALUES (201900026, 1, '회계원리', 3, 3.3, 3.3);
INSERT INTO grade (student_id, semester, course_name, course_grade, semester_grade, avg_grade) VALUES (202300027, 1, '마케팅원론', 2, 2.75, 3.14);
INSERT INTO grade (student_id, semester, course_name, course_grade, semester_grade, avg_grade) VALUES (202300027, 1, '재무관리', 1.5, 2.75, 3.14);
INSERT INTO grade (student_id, semester, course_name, course_grade, semester_grade, avg_grade) VALUES (202300027, 1, '인공지능', 3.5, 2.75, 3.14);
INSERT INTO grade (student_id, semester, course_name, course_grade, semester_grade, avg_grade) VALUES (202300027, 1, '데이터베이스', 1.5, 2.75, 3.14);
INSERT INTO grade (student_id, semester, course_name, course_grade, semester_grade, avg_grade) VALUES (202300027, 1, '소프트웨어공학', 4.5, 2.75, 3.14);
INSERT INTO grade (student_id, semester, course_name, course_grade, semester_grade, avg_grade) VALUES (202300027, 1, '확률과통계', 3.5, 2.75, 3.14);
INSERT INTO grade (student_id, semester, course_name, course_grade, semester_grade, avg_grade) VALUES (202300027, 2, '머신러닝', 2.5, 3.2, 3.14);
INSERT INTO grade (student_id, semester, course_name, course_grade, semester_grade, avg_grade) VALUES (202300027, 2, '데이터베이스', 4, 3.2, 3.14);
INSERT INTO grade (student_id, semester, course_name, course_grade, semester_grade, avg_grade) VALUES (202300027, 2, '회계원리', 4, 3.2, 3.14);
INSERT INTO grade (student_id, semester, course_name, course_grade, semester_grade, avg_grade) VALUES (202300027, 2, '공학수학', 2, 3.2, 3.14);
INSERT INTO grade (student_id, semester, course_name, course_grade, semester_grade, avg_grade) VALUES (202300027, 2, '선형대수', 3.5, 3.2, 3.14);
INSERT INTO grade (student_id, semester, course_name, course_grade, semester_grade, avg_grade) VALUES (202300027, 3, '조직행동론', 4.5, 3.1, 3.14);
INSERT INTO grade (student_id, semester, course_name, course_grade, semester_grade, avg_grade) VALUES (202300027, 3, '경영과학', 3.5, 3.1, 3.14);
INSERT INTO grade (student_id, semester, course_name, course_grade, semester_grade, avg_grade) VALUES (202300027, 3, '소프트웨어공학', 2.5, 3.1, 3.14);
INSERT INTO grade (student_id, semester, course_name, course_grade, semester_grade, avg_grade) VALUES (202300027, 3, '운영체제', 1.5, 3.1, 3.14);
INSERT INTO grade (student_id, semester, course_name, course_grade, semester_grade, avg_grade) VALUES (202300027, 3, '생산관리', 3.5, 3.1, 3.14);
INSERT INTO grade (student_id, semester, course_name, course_grade, semester_grade, avg_grade) VALUES (202300027, 4, '선형대수', 4, 3.5, 3.14);
INSERT INTO grade (student_id, semester, course_name, course_grade, semester_grade, avg_grade) VALUES (202300027, 4, '조직행동론', 3, 3.5, 3.14);
INSERT INTO grade (student_id, semester, course_name, course_grade, semester_grade, avg_grade) VALUES (202300027, 4, '컴퓨터네트워크', 4.5, 3.5, 3.14);
INSERT INTO grade (student_id, semester, course_name, course_grade, semester_grade, avg_grade) VALUES (202300027, 4, '알고리즘', 2.5, 3.5, 3.14);
INSERT INTO grade (student_id, semester, course_name, course_grade, semester_grade, avg_grade) VALUES (202300028, 1, '컴퓨터네트워크', 4, 3.12, 3.12);
INSERT INTO grade (student_id, semester, course_name, course_grade, semester_grade, avg_grade) VALUES (202300028, 1, '소프트웨어공학', 3.5, 3.12, 3.12);
INSERT INTO grade (student_id, semester, course_name, course_grade, semester_grade, avg_grade) VALUES (202300028, 1, '이산수학', 3.5, 3.12, 3.12);
INSERT INTO grade (student_id, semester, course_name, course_grade, semester_grade, avg_grade) VALUES (202300028, 1, '인공지능', 1.5, 3.12, 3.12);
INSERT INTO grade (student_id, semester, course_name, course_grade, semester_grade, avg_grade) VALUES (202300029, 1, '알고리즘', 4.5, 3.67, 3.26);
INSERT INTO grade (student_id, semester, course_name, course_grade, semester_grade, avg_grade) VALUES (202300029, 1, '자료구조', 3.5, 3.67, 3.26);
INSERT INTO grade (student_id, semester, course_name, course_grade, semester_grade, avg_grade) VALUES (202300029, 1, '선형대수', 3.5, 3.67, 3.26);
INSERT INTO grade (student_id, semester, course_name, course_grade, semester_grade, avg_grade) VALUES (202300029, 1, '확률과통계', 3, 3.67, 3.26);
INSERT INTO grade (student_id, semester, course_name, course_grade, semester_grade, avg_grade) VALUES (202300029, 1, '조직행동론', 3.5, 3.67, 3.26);
INSERT INTO grade (student_id, semester, course_name, course_grade, semester_grade, avg_grade) VALUES (202300029, 1, '인공지능', 4, 3.67, 3.26);
INSERT INTO grade (student_id, semester, course_name, course_grade, semester_grade, avg_grade) VALUES (202300029, 2, '데이터베이스', 2.5, 3.17, 3.26);
INSERT INTO grade (student_id, semester, course_name, course_grade, semester_grade, avg_grade) VALUES (202300029, 2, '머신러닝', 3, 3.17, 3.26);
INSERT INTO grade (student_id, semester, course_name, course_grade, semester_grade, avg_grade) VALUES (202300029, 2, '소프트웨어공학', 2.5, 3.17, 3.26);
INSERT INTO grade (student_id, semester, course_name, course_grade, semester_grade, avg_grade) VALUES (202300029, 2, '재무관리', 4.5, 3.17, 3.26);
INSERT INTO grade (student_id, semester, course_name, course_grade, semester_grade, avg_grade) VALUES (202300029, 2, '품질관리', 3.5, 3.17, 3.26);
INSERT INTO grade (student_id, semester, course_name, course_grade, semester_grade, avg_grade) VALUES (202300029, 2, '인공지능', 3, 3.17, 3.26);
INSERT INTO grade (student_id, semester, course_name, course_grade, semester_grade, avg_grade) VALUES (202300029, 3, '공학수학', 2.5, 3.25, 3.26);
INSERT INTO grade (student_id, semester, course_name, course_grade, semester_grade, avg_grade) VALUES (202300029, 3, '품질관리', 3.5, 3.25, 3.26);
INSERT INTO grade (student_id, semester, course_name, course_grade, semester_grade, avg_grade) VALUES (202300029, 3, '재무관리', 4, 3.25, 3.26);
INSERT INTO grade (student_id, semester, course_name, course_grade, semester_grade, avg_grade) VALUES (202300029, 3, '선형대수', 3, 3.25, 3.26);
INSERT INTO grade (student_id, semester, course_name, course_grade, semester_grade, avg_grade) VALUES (202300029, 4, '확률과통계', 4.5, 3.4, 3.26);
INSERT INTO grade (student_id, semester, course_name, course_grade, semester_grade, avg_grade) VALUES (202300029, 4, '선형대수', 2, 3.4, 3.26);
INSERT INTO grade (student_id, semester, course_name, course_grade, semester_grade, avg_grade) VALUES (202300029, 4, '컴퓨터네트워크', 4.5, 3.4, 3.26);
INSERT INTO grade (student_id, semester, course_name, course_grade, semester_grade, avg_grade) VALUES (202300029, 4, '경영과학', 4.5, 3.4, 3.26);
INSERT INTO grade (student_id, semester, course_name, course_grade, semester_grade, avg_grade) VALUES (202300029, 4, '머신러닝', 1.5, 3.4, 3.26);
INSERT INTO grade (student_id, semester, course_name, course_grade, semester_grade, avg_grade) VALUES (202300029, 5, '조직행동론', 4, 3.4, 3.26);
INSERT INTO grade (student_id, semester, course_name, course_grade, semester_grade, avg_grade) VALUES (202300029, 5, '소프트웨어공학', 4.5, 3.4, 3.26);
INSERT INTO grade (student_id, semester, course_name, course_grade, semester_grade, avg_grade) VALUES (202300029, 5, '컴퓨터네트워크', 3.5, 3.4, 3.26);
INSERT INTO grade (student_id, semester, course_name, course_grade, semester_grade, avg_grade) VALUES (202300029, 5, '재무관리', 2, 3.4, 3.26);
INSERT INTO grade (student_id, semester, course_name, course_grade, semester_grade, avg_grade) VALUES (202300029, 5, '품질관리', 3, 3.4, 3.26);
INSERT INTO grade (student_id, semester, course_name, course_grade, semester_grade, avg_grade) VALUES (202300029, 6, '머신러닝', 3, 3.33, 3.26);
INSERT INTO grade (student_id, semester, course_name, course_grade, semester_grade, avg_grade) VALUES (202300029, 6, '알고리즘', 3, 3.33, 3.26);
INSERT INTO grade (student_id, semester, course_name, course_grade, semester_grade, avg_grade) VALUES (202300029, 6, '소프트웨어공학', 3.5, 3.33, 3.26);
INSERT INTO grade (student_id, semester, course_name, course_grade, semester_grade, avg_grade) VALUES (202300029, 6, '데이터베이스', 3.5, 3.33, 3.26);
INSERT INTO grade (student_id, semester, course_name, course_grade, semester_grade, avg_grade) VALUES (202300029, 6, '경영과학', 3.5, 3.33, 3.26);
INSERT INTO grade (student_id, semester, course_name, course_grade, semester_grade, avg_grade) VALUES (202300029, 6, '공학수학', 3.5, 3.33, 3.26);
INSERT INTO grade (student_id, semester, course_name, course_grade, semester_grade, avg_grade) VALUES (202300029, 7, '알고리즘', 3, 2.62, 3.26);
INSERT INTO grade (student_id, semester, course_name, course_grade, semester_grade, avg_grade) VALUES (202300029, 7, '회계원리', 1.5, 2.62, 3.26);
INSERT INTO grade (student_id, semester, course_name, course_grade, semester_grade, avg_grade) VALUES (202300029, 7, '데이터베이스', 3.5, 2.62, 3.26);
INSERT INTO grade (student_id, semester, course_name, course_grade, semester_grade, avg_grade) VALUES (202300029, 7, '조직행동론', 2.5, 2.62, 3.26);
INSERT INTO grade (student_id, semester, course_name, course_grade, semester_grade, avg_grade) VALUES (202200030, 1, '선형대수', 4, 3.17, 3.48);
INSERT INTO grade (student_id, semester, course_name, course_grade, semester_grade, avg_grade) VALUES (202200030, 1, '경영과학', 4, 3.17, 3.48);
INSERT INTO grade (student_id, semester, course_name, course_grade, semester_grade, avg_grade) VALUES (202200030, 1, '데이터베이스', 2.5, 3.17, 3.48);
INSERT INTO grade (student_id, semester, course_name, course_grade, semester_grade, avg_grade) VALUES (202200030, 1, '재무관리', 4.5, 3.17, 3.48);
INSERT INTO grade (student_id, semester, course_name, course_grade, semester_grade, avg_grade) VALUES (202200030, 1, '생산관리', 1, 3.17, 3.48);
INSERT INTO grade (student_id, semester, course_name, course_grade, semester_grade, avg_grade) VALUES (202200030, 1, '마케팅원론', 3, 3.17, 3.48);
INSERT INTO grade (student_id, semester, course_name, course_grade, semester_grade, avg_grade) VALUES (202200030, 2, '조직행동론', 4, 3.8, 3.48);
INSERT INTO grade (student_id, semester, course_name, course_grade, semester_grade, avg_grade) VALUES (202200030, 2, '재무관리', 4.5, 3.8, 3.48);
INSERT INTO grade (student_id, semester, course_name, course_grade, semester_grade, avg_grade) VALUES (202200030, 2, '이산수학', 3.5, 3.8, 3.48);
INSERT INTO grade (student_id, semester, course_name, course_grade, semester_grade, avg_grade) VALUES (202200030, 2, '인공지능', 3.5, 3.8, 3.48);
INSERT INTO grade (student_id, semester, course_name, course_grade, semester_grade, avg_grade) VALUES (202200030, 2, '회계원리', 3.5, 3.8, 3.48);
INSERT INTO grade (student_id, semester, course_name, course_grade, semester_grade, avg_grade) VALUES (202100031, 1, '머신러닝', 3, 3.62, 3.05);
INSERT INTO grade (student_id, semester, course_name, course_grade, semester_grade, avg_grade) VALUES (202100031, 1, '회계원리', 4.5, 3.62, 3.05);
INSERT INTO grade (student_id, semester, course_name, course_grade, semester_grade, avg_grade) VALUES (202100031, 1, '알고리즘', 3.5, 3.62, 3.05);
INSERT INTO grade (student_id, semester, course_name, course_grade, semester_grade, avg_grade) VALUES (202100031, 1, '품질관리', 3.5, 3.62, 3.05);
INSERT INTO grade (student_id, semester, course_name, course_grade, semester_grade, avg_grade) VALUES (202100031, 2, '알고리즘', 1.5, 2.58, 3.05);
INSERT INTO grade (student_id, semester, course_name, course_grade, semester_grade, avg_grade) VALUES (202100031, 2, '회계원리', 3, 2.58, 3.05);
INSERT INTO grade (student_id, semester, course_name, course_grade, semester_grade, avg_grade) VALUES (202100031, 2, '컴퓨터네트워크', 4, 2.58, 3.05);
INSERT INTO grade (student_id, semester, course_name, course_grade, semester_grade, avg_grade) VALUES (202100031, 2, '이산수학', 3, 2.58, 3.05);
INSERT INTO grade (student_id, semester, course_name, course_grade, semester_grade, avg_grade) VALUES (202100031, 2, '자료구조', 3, 2.58, 3.05);
INSERT INTO grade (student_id, semester, course_name, course_grade, semester_grade, avg_grade) VALUES (202100031, 2, '경영과학', 1, 2.58, 3.05);
INSERT INTO grade (student_id, semester, course_name, course_grade, semester_grade, avg_grade) VALUES (202100031, 3, '데이터베이스', 4.5, 2.6, 3.05);
INSERT INTO grade (student_id, semester, course_name, course_grade, semester_grade, avg_grade) VALUES (202100031, 3, '인공지능', 2.5, 2.6, 3.05);
INSERT INTO grade (student_id, semester, course_name, course_grade, semester_grade, avg_grade) VALUES (202100031, 3, '알고리즘', 0, 2.6, 3.05);
INSERT INTO grade (student_id, semester, course_name, course_grade, semester_grade, avg_grade) VALUES (202100031, 3, '회계원리', 3, 2.6, 3.05);
INSERT INTO grade (student_id, semester, course_name, course_grade, semester_grade, avg_grade) VALUES (202100031, 3, '확률과통계', 3, 2.6, 3.05);
INSERT INTO grade (student_id, semester, course_name, course_grade, semester_grade, avg_grade) VALUES (202100031, 4, '머신러닝', 2.5, 3.4, 3.05);
INSERT INTO grade (student_id, semester, course_name, course_grade, semester_grade, avg_grade) VALUES (202100031, 4, '품질관리', 4.5, 3.4, 3.05);
INSERT INTO grade (student_id, semester, course_name, course_grade, semester_grade, avg_grade) VALUES (202100031, 4, '컴퓨터네트워크', 3, 3.4, 3.05);
INSERT INTO grade (student_id, semester, course_name, course_grade, semester_grade, avg_grade) VALUES (202100031, 4, '소프트웨어공학', 3.5, 3.4, 3.05);
INSERT INTO grade (student_id, semester, course_name, course_grade, semester_grade, avg_grade) VALUES (202100031, 4, '인공지능', 3.5, 3.4, 3.05);
INSERT INTO grade (student_id, semester, course_name, course_grade, semester_grade, avg_grade) VALUES (201900032, 1, '컴퓨터네트워크', 3, 2.92, 2.89);
INSERT INTO grade (student_id, semester, course_name, course_grade, semester_grade, avg_grade) VALUES (201900032, 1, '품질관리', 4, 2.92, 2.89);
INSERT INTO grade (student_id, semester, course_name, course_grade, semester_grade, avg_grade) VALUES (201900032, 1, '생산관리', 3.5, 2.92, 2.89);
INSERT INTO grade (student_id, semester, course_name, course_grade, semester_grade, avg_grade) VALUES (201900032, 1, '선형대수', 1, 2.92, 2.89);
INSERT INTO grade (student_id, semester, course_name, course_grade, semester_grade, avg_grade) VALUES (201900032, 1, '인공지능', 2.5, 2.92, 2.89);
INSERT INTO grade (student_id, semester, course_name, course_grade, semester_grade, avg_grade) VALUES (201900032, 1, '자료구조', 3.5, 2.92, 2.89);
INSERT INTO grade (student_id, semester, course_name, course_grade, semester_grade, avg_grade) VALUES (201900032, 2, '알고리즘', 4, 2.33, 2.89);
INSERT INTO grade (student_id, semester, course_name, course_grade, semester_grade, avg_grade) VALUES (201900032, 2, '품질관리', 2.5, 2.33, 2.89);
INSERT INTO grade (student_id, semester, course_name, course_grade, semester_grade, avg_grade) VALUES (201900032, 2, '마케팅원론', 1.5, 2.33, 2.89);
INSERT INTO grade (student_id, semester, course_name, course_grade, semester_grade, avg_grade) VALUES (201900032, 2, '컴퓨터네트워크', 0, 2.33, 2.89);
INSERT INTO grade (student_id, semester, course_name, course_grade, semester_grade, avg_grade) VALUES (201900032, 2, '인공지능', 1.5, 2.33, 2.89);
INSERT INTO grade (student_id, semester, course_name, course_grade, semester_grade, avg_grade) VALUES (201900032, 2, '소프트웨어공학', 4.5, 2.33, 2.89);
INSERT INTO grade (student_id, semester, course_name, course_grade, semester_grade, avg_grade) VALUES (201900032, 3, '소프트웨어공학', 4, 3.42, 2.89);
INSERT INTO grade (student_id, semester, course_name, course_grade, semester_grade, avg_grade) VALUES (201900032, 3, '회계원리', 4, 3.42, 2.89);
INSERT INTO grade (student_id, semester, course_name, course_grade, semester_grade, avg_grade) VALUES (201900032, 3, '머신러닝', 1.5, 3.42, 2.89);
INSERT INTO grade (student_id, semester, course_name, course_grade, semester_grade, avg_grade) VALUES (201900032, 3, '운영체제', 3, 3.42, 2.89);
INSERT INTO grade (student_id, semester, course_name, course_grade, semester_grade, avg_grade) VALUES (201900032, 3, '마케팅원론', 4, 3.42, 2.89);
INSERT INTO grade (student_id, semester, course_name, course_grade, semester_grade, avg_grade) VALUES (201900032, 3, '선형대수', 4, 3.42, 2.89);
INSERT INTO grade (student_id, semester, course_name, course_grade, semester_grade, avg_grade) VALUES (202100033, 1, '품질관리', 4.5, 3.62, 3.62);
INSERT INTO grade (student_id, semester, course_name, course_grade, semester_grade, avg_grade) VALUES (202100033, 1, '데이터베이스', 3.5, 3.62, 3.62);
INSERT INTO grade (student_id, semester, course_name, course_grade, semester_grade, avg_grade) VALUES (202100033, 1, '회계원리', 2.5, 3.62, 3.62);
INSERT INTO grade (student_id, semester, course_name, course_grade, semester_grade, avg_grade) VALUES (202100033, 1, '마케팅원론', 4, 3.62, 3.62);
INSERT INTO grade (student_id, semester, course_name, course_grade, semester_grade, avg_grade) VALUES (202200034, 1, '선형대수', 4.5, 2.9, 2.9);
INSERT INTO grade (student_id, semester, course_name, course_grade, semester_grade, avg_grade) VALUES (202200034, 1, '확률과통계', 3.5, 2.9, 2.9);
INSERT INTO grade (student_id, semester, course_name, course_grade, semester_grade, avg_grade) VALUES (202200034, 1, '조직행동론', 2.5, 2.9, 2.9);
INSERT INTO grade (student_id, semester, course_name, course_grade, semester_grade, avg_grade) VALUES (202200034, 1, '마케팅원론', 1, 2.9, 2.9);
INSERT INTO grade (student_id, semester, course_name, course_grade, semester_grade, avg_grade) VALUES (202200034, 1, '이산수학', 3, 2.9, 2.9);
INSERT INTO grade (student_id, semester, course_name, course_grade, semester_grade, avg_grade) VALUES (202000035, 1, '이산수학', 2.5, 2.83, 3.16);
INSERT INTO grade (student_id, semester, course_name, course_grade, semester_grade, avg_grade) VALUES (202000035, 1, '경영과학', 1.5, 2.83, 3.16);
INSERT INTO grade (student_id, semester, course_name, course_grade, semester_grade, avg_grade) VALUES (202000035, 1, '마케팅원론', 4, 2.83, 3.16);
INSERT INTO grade (student_id, semester, course_name, course_grade, semester_grade, avg_grade) VALUES (202000035, 1, '조직행동론', 2.5, 2.83, 3.16);
INSERT INTO grade (student_id, semester, course_name, course_grade, semester_grade, avg_grade) VALUES (202000035, 1, '품질관리', 3, 2.83, 3.16);
INSERT INTO grade (student_id, semester, course_name, course_grade, semester_grade, avg_grade) VALUES (202000035, 1, '컴퓨터네트워크', 3.5, 2.83, 3.16);
INSERT INTO grade (student_id, semester, course_name, course_grade, semester_grade, avg_grade) VALUES (202000035, 2, '컴퓨터네트워크', 2, 2.9, 3.16);
INSERT INTO grade (student_id, semester, course_name, course_grade, semester_grade, avg_grade) VALUES (202000035, 2, '회계원리', 2, 2.9, 3.16);
INSERT INTO grade (student_id, semester, course_name, course_grade, semester_grade, avg_grade) VALUES (202000035, 2, '조직행동론', 4, 2.9, 3.16);
INSERT INTO grade (student_id, semester, course_name, course_grade, semester_grade, avg_grade) VALUES (202000035, 2, '소프트웨어공학', 3.5, 2.9, 3.16);
INSERT INTO grade (student_id, semester, course_name, course_grade, semester_grade, avg_grade) VALUES (202000035, 2, '확률과통계', 3, 2.9, 3.16);
INSERT INTO grade (student_id, semester, course_name, course_grade, semester_grade, avg_grade) VALUES (202000035, 3, '마케팅원론', 4.5, 3.4, 3.16);
INSERT INTO grade (student_id, semester, course_name, course_grade, semester_grade, avg_grade) VALUES (202000035, 3, '데이터베이스', 4, 3.4, 3.16);
INSERT INTO grade (student_id, semester, course_name, course_grade, semester_grade, avg_grade) VALUES (202000035, 3, '회계원리', 3.5, 3.4, 3.16);
INSERT INTO grade (student_id, semester, course_name, course_grade, semester_grade, avg_grade) VALUES (202000035, 3, '조직행동론', 3, 3.4, 3.16);
INSERT INTO grade (student_id, semester, course_name, course_grade, semester_grade, avg_grade) VALUES (202000035, 3, '품질관리', 2, 3.4, 3.16);
INSERT INTO grade (student_id, semester, course_name, course_grade, semester_grade, avg_grade) VALUES (202000035, 4, '경영과학', 3.5, 3.5, 3.16);
INSERT INTO grade (student_id, semester, course_name, course_grade, semester_grade, avg_grade) VALUES (202000035, 4, '이산수학', 3.5, 3.5, 3.16);
INSERT INTO grade (student_id, semester, course_name, course_grade, semester_grade, avg_grade) VALUES (202000035, 4, '머신러닝', 3.5, 3.5, 3.16);
INSERT INTO grade (student_id, semester, course_name, course_grade, semester_grade, avg_grade) VALUES (202000035, 4, '운영체제', 3.5, 3.5, 3.16);
INSERT INTO grade (student_id, semester, course_name, course_grade, semester_grade, avg_grade) VALUES (202400036, 1, '머신러닝', 1.5, 2.25, 2.25);
INSERT INTO grade (student_id, semester, course_name, course_grade, semester_grade, avg_grade) VALUES (202400036, 1, '경영과학', 2, 2.25, 2.25);
INSERT INTO grade (student_id, semester, course_name, course_grade, semester_grade, avg_grade) VALUES (202400036, 1, '운영체제', 3, 2.25, 2.25);
INSERT INTO grade (student_id, semester, course_name, course_grade, semester_grade, avg_grade) VALUES (202400036, 1, '인공지능', 2.5, 2.25, 2.25);
INSERT INTO grade (student_id, semester, course_name, course_grade, semester_grade, avg_grade) VALUES (202400037, 1, '자료구조', 2.5, 2.5, 2.5);
INSERT INTO grade (student_id, semester, course_name, course_grade, semester_grade, avg_grade) VALUES (202400037, 1, '품질관리', 3, 2.5, 2.5);
INSERT INTO grade (student_id, semester, course_name, course_grade, semester_grade, avg_grade) VALUES (202400037, 1, '경제학원론', 3, 2.5, 2.5);
INSERT INTO grade (student_id, semester, course_name, course_grade, semester_grade, avg_grade) VALUES (202400037, 1, '선형대수', 1.5, 2.5, 2.5);
INSERT INTO grade (student_id, semester, course_name, course_grade, semester_grade, avg_grade) VALUES (201800038, 1, '생산관리', 3.5, 3.5, 3.12);
INSERT INTO grade (student_id, semester, course_name, course_grade, semester_grade, avg_grade) VALUES (201800038, 1, '공학수학', 2.5, 3.5, 3.12);
INSERT INTO grade (student_id, semester, course_name, course_grade, semester_grade, avg_grade) VALUES (201800038, 1, '선형대수', 4, 3.5, 3.12);
INSERT INTO grade (student_id, semester, course_name, course_grade, semester_grade, avg_grade) VALUES (201800038, 1, '회계원리', 4, 3.5, 3.12);
INSERT INTO grade (student_id, semester, course_name, course_grade, semester_grade, avg_grade) VALUES (201800038, 2, '소프트웨어공학', 2, 2.75, 3.12);
INSERT INTO grade (student_id, semester, course_name, course_grade, semester_grade, avg_grade) VALUES (201800038, 2, '이산수학', 3, 2.75, 3.12);
INSERT INTO grade (student_id, semester, course_name, course_grade, semester_grade, avg_grade) VALUES (201800038, 2, '알고리즘', 3, 2.75, 3.12);
INSERT INTO grade (student_id, semester, course_name, course_grade, semester_grade, avg_grade) VALUES (201800038, 2, '데이터베이스', 3, 2.75, 3.12);
INSERT INTO grade (student_id, semester, course_name, course_grade, semester_grade, avg_grade) VALUES (202400039, 1, '경영과학', 3.5, 3.25, 3);
INSERT INTO grade (student_id, semester, course_name, course_grade, semester_grade, avg_grade) VALUES (202400039, 1, '선형대수', 3, 3.25, 3);
INSERT INTO grade (student_id, semester, course_name, course_grade, semester_grade, avg_grade) VALUES (202400039, 1, '품질관리', 4, 3.25, 3);
INSERT INTO grade (student_id, semester, course_name, course_grade, semester_grade, avg_grade) VALUES (202400039, 1, '소프트웨어공학', 2.5, 3.25, 3);
INSERT INTO grade (student_id, semester, course_name, course_grade, semester_grade, avg_grade) VALUES (202400039, 1, '운영체제', 3, 3.25, 3);
INSERT INTO grade (student_id, semester, course_name, course_grade, semester_grade, avg_grade) VALUES (202400039, 1, '마케팅원론', 3.5, 3.25, 3);
INSERT INTO grade (student_id, semester, course_name, course_grade, semester_grade, avg_grade) VALUES (202400039, 2, '마케팅원론', 3, 2.75, 3);
INSERT INTO grade (student_id, semester, course_name, course_grade, semester_grade, avg_grade) VALUES (202400039, 2, '회계원리', 3, 2.75, 3);
INSERT INTO grade (student_id, semester, course_name, course_grade, semester_grade, avg_grade) VALUES (202400039, 2, '조직행동론', 0, 2.75, 3);
INSERT INTO grade (student_id, semester, course_name, course_grade, semester_grade, avg_grade) VALUES (202400039, 2, '운영체제', 3.5, 2.75, 3);
INSERT INTO grade (student_id, semester, course_name, course_grade, semester_grade, avg_grade) VALUES (202400039, 2, '컴퓨터네트워크', 4.5, 2.75, 3);
INSERT INTO grade (student_id, semester, course_name, course_grade, semester_grade, avg_grade) VALUES (202400039, 2, '소프트웨어공학', 2.5, 2.75, 3);
INSERT INTO grade (student_id, semester, course_name, course_grade, semester_grade, avg_grade) VALUES (202400040, 1, '경영과학', 3.5, 2.9, 3.13);
INSERT INTO grade (student_id, semester, course_name, course_grade, semester_grade, avg_grade) VALUES (202400040, 1, '데이터베이스', 3.5, 2.9, 3.13);
INSERT INTO grade (student_id, semester, course_name, course_grade, semester_grade, avg_grade) VALUES (202400040, 1, '인공지능', 3, 2.9, 3.13);
INSERT INTO grade (student_id, semester, course_name, course_grade, semester_grade, avg_grade) VALUES (202400040, 1, '선형대수', 2, 2.9, 3.13);
INSERT INTO grade (student_id, semester, course_name, course_grade, semester_grade, avg_grade) VALUES (202400040, 1, '자료구조', 2.5, 2.9, 3.13);
INSERT INTO grade (student_id, semester, course_name, course_grade, semester_grade, avg_grade) VALUES (202400040, 2, '경제학원론', 3.5, 3.5, 3.13);
INSERT INTO grade (student_id, semester, course_name, course_grade, semester_grade, avg_grade) VALUES (202400040, 2, '확률과통계', 4.5, 3.5, 3.13);
INSERT INTO grade (student_id, semester, course_name, course_grade, semester_grade, avg_grade) VALUES (202400040, 2, '선형대수', 4, 3.5, 3.13);
INSERT INTO grade (student_id, semester, course_name, course_grade, semester_grade, avg_grade) VALUES (202400040, 2, '알고리즘', 4.5, 3.5, 3.13);
INSERT INTO grade (student_id, semester, course_name, course_grade, semester_grade, avg_grade) VALUES (202400040, 2, '이산수학', 1.5, 3.5, 3.13);
INSERT INTO grade (student_id, semester, course_name, course_grade, semester_grade, avg_grade) VALUES (202400040, 2, '운영체제', 3, 3.5, 3.13);
INSERT INTO grade (student_id, semester, course_name, course_grade, semester_grade, avg_grade) VALUES (202400040, 3, '경제학원론', 2, 3.08, 3.13);
INSERT INTO grade (student_id, semester, course_name, course_grade, semester_grade, avg_grade) VALUES (202400040, 3, '생산관리', 4.5, 3.08, 3.13);
INSERT INTO grade (student_id, semester, course_name, course_grade, semester_grade, avg_grade) VALUES (202400040, 3, '자료구조', 2.5, 3.08, 3.13);
INSERT INTO grade (student_id, semester, course_name, course_grade, semester_grade, avg_grade) VALUES (202400040, 3, '공학수학', 3.5, 3.08, 3.13);
INSERT INTO grade (student_id, semester, course_name, course_grade, semester_grade, avg_grade) VALUES (202400040, 3, '품질관리', 2.5, 3.08, 3.13);
INSERT INTO grade (student_id, semester, course_name, course_grade, semester_grade, avg_grade) VALUES (202400040, 3, '확률과통계', 3.5, 3.08, 3.13);
INSERT INTO grade (student_id, semester, course_name, course_grade, semester_grade, avg_grade) VALUES (202400040, 4, '이산수학', 2.5, 3.3, 3.13);
INSERT INTO grade (student_id, semester, course_name, course_grade, semester_grade, avg_grade) VALUES (202400040, 4, '컴퓨터네트워크', 3.5, 3.3, 3.13);
INSERT INTO grade (student_id, semester, course_name, course_grade, semester_grade, avg_grade) VALUES (202400040, 4, '인공지능', 2.5, 3.3, 3.13);
INSERT INTO grade (student_id, semester, course_name, course_grade, semester_grade, avg_grade) VALUES (202400040, 4, '확률과통계', 3.5, 3.3, 3.13);
INSERT INTO grade (student_id, semester, course_name, course_grade, semester_grade, avg_grade) VALUES (202400040, 4, '경제학원론', 4.5, 3.3, 3.13);
INSERT INTO grade (student_id, semester, course_name, course_grade, semester_grade, avg_grade) VALUES (202400040, 5, '알고리즘', 4, 3.4, 3.13);
INSERT INTO grade (student_id, semester, course_name, course_grade, semester_grade, avg_grade) VALUES (202400040, 5, '소프트웨어공학', 3.5, 3.4, 3.13);
INSERT INTO grade (student_id, semester, course_name, course_grade, semester_grade, avg_grade) VALUES (202400040, 5, '확률과통계', 3.5, 3.4, 3.13);
INSERT INTO grade (student_id, semester, course_name, course_grade, semester_grade, avg_grade) VALUES (202400040, 5, '품질관리', 3.5, 3.4, 3.13);
INSERT INTO grade (student_id, semester, course_name, course_grade, semester_grade, avg_grade) VALUES (202400040, 5, '인공지능', 2.5, 3.4, 3.13);
INSERT INTO grade (student_id, semester, course_name, course_grade, semester_grade, avg_grade) VALUES (202400040, 6, '이산수학', 2.5, 2.62, 3.13);
INSERT INTO grade (student_id, semester, course_name, course_grade, semester_grade, avg_grade) VALUES (202400040, 6, '머신러닝', 1.5, 2.62, 3.13);
INSERT INTO grade (student_id, semester, course_name, course_grade, semester_grade, avg_grade) VALUES (202400040, 6, '재무관리', 3, 2.62, 3.13);
INSERT INTO grade (student_id, semester, course_name, course_grade, semester_grade, avg_grade) VALUES (202400040, 6, '자료구조', 3.5, 2.62, 3.13);
INSERT INTO grade (student_id, semester, course_name, course_grade, semester_grade, avg_grade) VALUES (201900041, 1, '자료구조', 4, 3.5, 3.1);
INSERT INTO grade (student_id, semester, course_name, course_grade, semester_grade, avg_grade) VALUES (201900041, 1, '알고리즘', 3, 3.5, 3.1);
INSERT INTO grade (student_id, semester, course_name, course_grade, semester_grade, avg_grade) VALUES (201900041, 1, '컴퓨터네트워크', 2.5, 3.5, 3.1);
INSERT INTO grade (student_id, semester, course_name, course_grade, semester_grade, avg_grade) VALUES (201900041, 1, '머신러닝', 4.5, 3.5, 3.1);
INSERT INTO grade (student_id, semester, course_name, course_grade, semester_grade, avg_grade) VALUES (201900041, 1, '확률과통계', 4.5, 3.5, 3.1);
INSERT INTO grade (student_id, semester, course_name, course_grade, semester_grade, avg_grade) VALUES (201900041, 1, '운영체제', 2.5, 3.5, 3.1);
INSERT INTO grade (student_id, semester, course_name, course_grade, semester_grade, avg_grade) VALUES (201900041, 2, '머신러닝', 1.5, 2.7, 3.1);
INSERT INTO grade (student_id, semester, course_name, course_grade, semester_grade, avg_grade) VALUES (201900041, 2, '컴퓨터네트워크', 3.5, 2.7, 3.1);
INSERT INTO grade (student_id, semester, course_name, course_grade, semester_grade, avg_grade) VALUES (201900041, 2, '자료구조', 2.5, 2.7, 3.1);
INSERT INTO grade (student_id, semester, course_name, course_grade, semester_grade, avg_grade) VALUES (201900041, 2, '선형대수', 3, 2.7, 3.1);
INSERT INTO grade (student_id, semester, course_name, course_grade, semester_grade, avg_grade) VALUES (201900041, 2, '이산수학', 3, 2.7, 3.1);
INSERT INTO grade (student_id, semester, course_name, course_grade, semester_grade, avg_grade) VALUES (201900041, 3, '인공지능', 2.5, 3.1, 3.1);
INSERT INTO grade (student_id, semester, course_name, course_grade, semester_grade, avg_grade) VALUES (201900041, 3, '생산관리', 3, 3.1, 3.1);
INSERT INTO grade (student_id, semester, course_name, course_grade, semester_grade, avg_grade) VALUES (201900041, 3, '경영과학', 3.5, 3.1, 3.1);
INSERT INTO grade (student_id, semester, course_name, course_grade, semester_grade, avg_grade) VALUES (201900041, 3, '데이터베이스', 3, 3.1, 3.1);
INSERT INTO grade (student_id, semester, course_name, course_grade, semester_grade, avg_grade) VALUES (201900041, 3, '운영체제', 3.5, 3.1, 3.1);
INSERT INTO grade (student_id, semester, course_name, course_grade, semester_grade, avg_grade) VALUES (202300042, 1, '이산수학', 4, 2.9, 2.66);
INSERT INTO grade (student_id, semester, course_name, course_grade, semester_grade, avg_grade) VALUES (202300042, 1, '공학수학', 2, 2.9, 2.66);
INSERT INTO grade (student_id, semester, course_name, course_grade, semester_grade, avg_grade) VALUES (202300042, 1, '품질관리', 3, 2.9, 2.66);
INSERT INTO grade (student_id, semester, course_name, course_grade, semester_grade, avg_grade) VALUES (202300042, 1, '경제학원론', 2, 2.9, 2.66);
INSERT INTO grade (student_id, semester, course_name, course_grade, semester_grade, avg_grade) VALUES (202300042, 1, '조직행동론', 3.5, 2.9, 2.66);
INSERT INTO grade (student_id, semester, course_name, course_grade, semester_grade, avg_grade) VALUES (202300042, 2, '인공지능', 2, 2, 2.66);
INSERT INTO grade (student_id, semester, course_name, course_grade, semester_grade, avg_grade) VALUES (202300042, 2, '머신러닝', 2, 2, 2.66);
INSERT INTO grade (student_id, semester, course_name, course_grade, semester_grade, avg_grade) VALUES (202300042, 2, '알고리즘', 2.5, 2, 2.66);
INSERT INTO grade (student_id, semester, course_name, course_grade, semester_grade, avg_grade) VALUES (202300042, 2, '품질관리', 1.5, 2, 2.66);
INSERT INTO grade (student_id, semester, course_name, course_grade, semester_grade, avg_grade) VALUES (202300042, 3, '확률과통계', 2.5, 3.17, 2.66);
INSERT INTO grade (student_id, semester, course_name, course_grade, semester_grade, avg_grade) VALUES (202300042, 3, '머신러닝', 4, 3.17, 2.66);
INSERT INTO grade (student_id, semester, course_name, course_grade, semester_grade, avg_grade) VALUES (202300042, 3, '회계원리', 3, 3.17, 2.66);
INSERT INTO grade (student_id, semester, course_name, course_grade, semester_grade, avg_grade) VALUES (202300042, 3, '경영과학', 3.5, 3.17, 2.66);
INSERT INTO grade (student_id, semester, course_name, course_grade, semester_grade, avg_grade) VALUES (202300042, 3, '데이터베이스', 3, 3.17, 2.66);
INSERT INTO grade (student_id, semester, course_name, course_grade, semester_grade, avg_grade) VALUES (202300042, 3, '경제학원론', 3, 3.17, 2.66);
INSERT INTO grade (student_id, semester, course_name, course_grade, semester_grade, avg_grade) VALUES (202300042, 4, '선형대수', 2.5, 2.58, 2.66);
INSERT INTO grade (student_id, semester, course_name, course_grade, semester_grade, avg_grade) VALUES (202300042, 4, '알고리즘', 3, 2.58, 2.66);
INSERT INTO grade (student_id, semester, course_name, course_grade, semester_grade, avg_grade) VALUES (202300042, 4, '조직행동론', 2.5, 2.58, 2.66);
INSERT INTO grade (student_id, semester, course_name, course_grade, semester_grade, avg_grade) VALUES (202300042, 4, '품질관리', 2, 2.58, 2.66);
INSERT INTO grade (student_id, semester, course_name, course_grade, semester_grade, avg_grade) VALUES (202300042, 4, '컴퓨터네트워크', 4.5, 2.58, 2.66);
INSERT INTO grade (student_id, semester, course_name, course_grade, semester_grade, avg_grade) VALUES (202300042, 4, '머신러닝', 1, 2.58, 2.66);
INSERT INTO grade (student_id, semester, course_name, course_grade, semester_grade, avg_grade) VALUES (202300042, 5, '알고리즘', 2, 2.67, 2.66);
INSERT INTO grade (student_id, semester, course_name, course_grade, semester_grade, avg_grade) VALUES (202300042, 5, '이산수학', 2.5, 2.67, 2.66);
INSERT INTO grade (student_id, semester, course_name, course_grade, semester_grade, avg_grade) VALUES (202300042, 5, '조직행동론', 3, 2.67, 2.66);
INSERT INTO grade (student_id, semester, course_name, course_grade, semester_grade, avg_grade) VALUES (202300042, 5, '회계원리', 4, 2.67, 2.66);
INSERT INTO grade (student_id, semester, course_name, course_grade, semester_grade, avg_grade) VALUES (202300042, 5, '머신러닝', 1, 2.67, 2.66);
INSERT INTO grade (student_id, semester, course_name, course_grade, semester_grade, avg_grade) VALUES (202300042, 5, '재무관리', 3.5, 2.67, 2.66);
INSERT INTO grade (student_id, semester, course_name, course_grade, semester_grade, avg_grade) VALUES (202100043, 1, '데이터베이스', 4, 3.38, 3.21);
INSERT INTO grade (student_id, semester, course_name, course_grade, semester_grade, avg_grade) VALUES (202100043, 1, '회계원리', 3.5, 3.38, 3.21);
INSERT INTO grade (student_id, semester, course_name, course_grade, semester_grade, avg_grade) VALUES (202100043, 1, '선형대수', 2.5, 3.38, 3.21);
INSERT INTO grade (student_id, semester, course_name, course_grade, semester_grade, avg_grade) VALUES (202100043, 1, '품질관리', 3.5, 3.38, 3.21);
INSERT INTO grade (student_id, semester, course_name, course_grade, semester_grade, avg_grade) VALUES (202100043, 2, '품질관리', 3, 3.25, 3.21);
INSERT INTO grade (student_id, semester, course_name, course_grade, semester_grade, avg_grade) VALUES (202100043, 2, '알고리즘', 3, 3.25, 3.21);
INSERT INTO grade (student_id, semester, course_name, course_grade, semester_grade, avg_grade) VALUES (202100043, 2, '생산관리', 4.5, 3.25, 3.21);
INSERT INTO grade (student_id, semester, course_name, course_grade, semester_grade, avg_grade) VALUES (202100043, 2, '공학수학', 3, 3.25, 3.21);
INSERT INTO grade (student_id, semester, course_name, course_grade, semester_grade, avg_grade) VALUES (202100043, 2, '마케팅원론', 3, 3.25, 3.21);
INSERT INTO grade (student_id, semester, course_name, course_grade, semester_grade, avg_grade) VALUES (202100043, 2, '조직행동론', 3, 3.25, 3.21);
INSERT INTO grade (student_id, semester, course_name, course_grade, semester_grade, avg_grade) VALUES (202100043, 3, '재무관리', 4.5, 3, 3.21);
INSERT INTO grade (student_id, semester, course_name, course_grade, semester_grade, avg_grade) VALUES (202100043, 3, '인공지능', 1.5, 3, 3.21);
INSERT INTO grade (student_id, semester, course_name, course_grade, semester_grade, avg_grade) VALUES (202100043, 3, '자료구조', 2.5, 3, 3.21);
INSERT INTO grade (student_id, semester, course_name, course_grade, semester_grade, avg_grade) VALUES (202100043, 3, '운영체제', 3.5, 3, 3.21);
INSERT INTO grade (student_id, semester, course_name, course_grade, semester_grade, avg_grade) VALUES (202100043, 4, '조직행동론', 2, 2.88, 3.21);
INSERT INTO grade (student_id, semester, course_name, course_grade, semester_grade, avg_grade) VALUES (202100043, 4, '소프트웨어공학', 3, 2.88, 3.21);
INSERT INTO grade (student_id, semester, course_name, course_grade, semester_grade, avg_grade) VALUES (202100043, 4, '운영체제', 3, 2.88, 3.21);
INSERT INTO grade (student_id, semester, course_name, course_grade, semester_grade, avg_grade) VALUES (202100043, 4, '경제학원론', 3.5, 2.88, 3.21);
INSERT INTO grade (student_id, semester, course_name, course_grade, semester_grade, avg_grade) VALUES (202100043, 5, '컴퓨터네트워크', 2.5, 3.25, 3.21);
INSERT INTO grade (student_id, semester, course_name, course_grade, semester_grade, avg_grade) VALUES (202100043, 5, '품질관리', 4, 3.25, 3.21);
INSERT INTO grade (student_id, semester, course_name, course_grade, semester_grade, avg_grade) VALUES (202100043, 5, '이산수학', 3.5, 3.25, 3.21);
INSERT INTO grade (student_id, semester, course_name, course_grade, semester_grade, avg_grade) VALUES (202100043, 5, '알고리즘', 3, 3.25, 3.21);
INSERT INTO grade (student_id, semester, course_name, course_grade, semester_grade, avg_grade) VALUES (202100043, 6, '재무관리', 1, 3, 3.21);
INSERT INTO grade (student_id, semester, course_name, course_grade, semester_grade, avg_grade) VALUES (202100043, 6, '선형대수', 4, 3, 3.21);
INSERT INTO grade (student_id, semester, course_name, course_grade, semester_grade, avg_grade) VALUES (202100043, 6, '인공지능', 3.5, 3, 3.21);
INSERT INTO grade (student_id, semester, course_name, course_grade, semester_grade, avg_grade) VALUES (202100043, 6, '마케팅원론', 3, 3, 3.21);
INSERT INTO grade (student_id, semester, course_name, course_grade, semester_grade, avg_grade) VALUES (202100043, 6, '머신러닝', 3.5, 3, 3.21);
INSERT INTO grade (student_id, semester, course_name, course_grade, semester_grade, avg_grade) VALUES (202100043, 7, '데이터베이스', 4.5, 3.7, 3.21);
INSERT INTO grade (student_id, semester, course_name, course_grade, semester_grade, avg_grade) VALUES (202100043, 7, '생산관리', 3.5, 3.7, 3.21);
INSERT INTO grade (student_id, semester, course_name, course_grade, semester_grade, avg_grade) VALUES (202100043, 7, '이산수학', 3.5, 3.7, 3.21);
INSERT INTO grade (student_id, semester, course_name, course_grade, semester_grade, avg_grade) VALUES (202100043, 7, '경영과학', 3, 3.7, 3.21);
INSERT INTO grade (student_id, semester, course_name, course_grade, semester_grade, avg_grade) VALUES (202100043, 7, '선형대수', 4, 3.7, 3.21);
INSERT INTO grade (student_id, semester, course_name, course_grade, semester_grade, avg_grade) VALUES (202000044, 1, '인공지능', 2.5, 2.88, 2.88);
INSERT INTO grade (student_id, semester, course_name, course_grade, semester_grade, avg_grade) VALUES (202000044, 1, '조직행동론', 3, 2.88, 2.88);
INSERT INTO grade (student_id, semester, course_name, course_grade, semester_grade, avg_grade) VALUES (202000044, 1, '재무관리', 3, 2.88, 2.88);
INSERT INTO grade (student_id, semester, course_name, course_grade, semester_grade, avg_grade) VALUES (202000044, 1, '공학수학', 3, 2.88, 2.88);
INSERT INTO grade (student_id, semester, course_name, course_grade, semester_grade, avg_grade) VALUES (202000045, 1, '경제학원론', 1, 3.2, 3.23);
INSERT INTO grade (student_id, semester, course_name, course_grade, semester_grade, avg_grade) VALUES (202000045, 1, '운영체제', 4, 3.2, 3.23);
INSERT INTO grade (student_id, semester, course_name, course_grade, semester_grade, avg_grade) VALUES (202000045, 1, '알고리즘', 3.5, 3.2, 3.23);
INSERT INTO grade (student_id, semester, course_name, course_grade, semester_grade, avg_grade) VALUES (202000045, 1, '컴퓨터네트워크', 4.5, 3.2, 3.23);
INSERT INTO grade (student_id, semester, course_name, course_grade, semester_grade, avg_grade) VALUES (202000045, 1, '이산수학', 3, 3.2, 3.23);
INSERT INTO grade (student_id, semester, course_name, course_grade, semester_grade, avg_grade) VALUES (202000045, 2, '경제학원론', 4, 3.92, 3.23);
INSERT INTO grade (student_id, semester, course_name, course_grade, semester_grade, avg_grade) VALUES (202000045, 2, '품질관리', 3.5, 3.92, 3.23);
INSERT INTO grade (student_id, semester, course_name, course_grade, semester_grade, avg_grade) VALUES (202000045, 2, '마케팅원론', 3.5, 3.92, 3.23);
INSERT INTO grade (student_id, semester, course_name, course_grade, semester_grade, avg_grade) VALUES (202000045, 2, '운영체제', 3.5, 3.92, 3.23);
INSERT INTO grade (student_id, semester, course_name, course_grade, semester_grade, avg_grade) VALUES (202000045, 2, '데이터베이스', 4.5, 3.92, 3.23);
INSERT INTO grade (student_id, semester, course_name, course_grade, semester_grade, avg_grade) VALUES (202000045, 2, '공학수학', 4.5, 3.92, 3.23);
INSERT INTO grade (student_id, semester, course_name, course_grade, semester_grade, avg_grade) VALUES (202000045, 3, '공학수학', 3, 2.58, 3.23);
INSERT INTO grade (student_id, semester, course_name, course_grade, semester_grade, avg_grade) VALUES (202000045, 3, '머신러닝', 2.5, 2.58, 3.23);
INSERT INTO grade (student_id, semester, course_name, course_grade, semester_grade, avg_grade) VALUES (202000045, 3, '마케팅원론', 3.5, 2.58, 3.23);
INSERT INTO grade (student_id, semester, course_name, course_grade, semester_grade, avg_grade) VALUES (202000045, 3, '품질관리', 0, 2.58, 3.23);
INSERT INTO grade (student_id, semester, course_name, course_grade, semester_grade, avg_grade) VALUES (202000045, 3, '알고리즘', 2.5, 2.58, 3.23);
INSERT INTO grade (student_id, semester, course_name, course_grade, semester_grade, avg_grade) VALUES (202000045, 3, '재무관리', 4, 2.58, 3.23);
INSERT INTO grade (student_id, semester, course_name, course_grade, semester_grade, avg_grade) VALUES (201900046, 1, '컴퓨터네트워크', 2.5, 3.12, 3.12);
INSERT INTO grade (student_id, semester, course_name, course_grade, semester_grade, avg_grade) VALUES (201900046, 1, '머신러닝', 4, 3.12, 3.12);
INSERT INTO grade (student_id, semester, course_name, course_grade, semester_grade, avg_grade) VALUES (201900046, 1, '인공지능', 3, 3.12, 3.12);
INSERT INTO grade (student_id, semester, course_name, course_grade, semester_grade, avg_grade) VALUES (201900046, 1, '조직행동론', 3, 3.12, 3.12);
INSERT INTO grade (student_id, semester, course_name, course_grade, semester_grade, avg_grade) VALUES (201900047, 1, '자료구조', 3, 3.25, 2.81);
INSERT INTO grade (student_id, semester, course_name, course_grade, semester_grade, avg_grade) VALUES (201900047, 1, '선형대수', 4, 3.25, 2.81);
INSERT INTO grade (student_id, semester, course_name, course_grade, semester_grade, avg_grade) VALUES (201900047, 1, '인공지능', 2, 3.25, 2.81);
INSERT INTO grade (student_id, semester, course_name, course_grade, semester_grade, avg_grade) VALUES (201900047, 1, '경제학원론', 4, 3.25, 2.81);
INSERT INTO grade (student_id, semester, course_name, course_grade, semester_grade, avg_grade) VALUES (201900047, 2, '인공지능', 2, 2.75, 2.81);
INSERT INTO grade (student_id, semester, course_name, course_grade, semester_grade, avg_grade) VALUES (201900047, 2, '확률과통계', 3, 2.75, 2.81);
INSERT INTO grade (student_id, semester, course_name, course_grade, semester_grade, avg_grade) VALUES (201900047, 2, '컴퓨터네트워크', 2.5, 2.75, 2.81);
INSERT INTO grade (student_id, semester, course_name, course_grade, semester_grade, avg_grade) VALUES (201900047, 2, '품질관리', 3.5, 2.75, 2.81);
INSERT INTO grade (student_id, semester, course_name, course_grade, semester_grade, avg_grade) VALUES (201900047, 2, '재무관리', 2, 2.75, 2.81);
INSERT INTO grade (student_id, semester, course_name, course_grade, semester_grade, avg_grade) VALUES (201900047, 2, '생산관리', 3.5, 2.75, 2.81);
INSERT INTO grade (student_id, semester, course_name, course_grade, semester_grade, avg_grade) VALUES (201900047, 3, '데이터베이스', 1, 2.42, 2.81);
INSERT INTO grade (student_id, semester, course_name, course_grade, semester_grade, avg_grade) VALUES (201900047, 3, '소프트웨어공학', 2.5, 2.42, 2.81);
INSERT INTO grade (student_id, semester, course_name, course_grade, semester_grade, avg_grade) VALUES (201900047, 3, '품질관리', 2.5, 2.42, 2.81);
INSERT INTO grade (student_id, semester, course_name, course_grade, semester_grade, avg_grade) VALUES (201900047, 3, '운영체제', 3, 2.42, 2.81);
INSERT INTO grade (student_id, semester, course_name, course_grade, semester_grade, avg_grade) VALUES (201900047, 3, '경제학원론', 2.5, 2.42, 2.81);
INSERT INTO grade (student_id, semester, course_name, course_grade, semester_grade, avg_grade) VALUES (201900047, 3, '선형대수', 3, 2.42, 2.81);
INSERT INTO grade (student_id, semester, course_name, course_grade, semester_grade, avg_grade) VALUES (202400048, 1, '회계원리', 4.5, 3.62, 2.69);
INSERT INTO grade (student_id, semester, course_name, course_grade, semester_grade, avg_grade) VALUES (202400048, 1, '컴퓨터네트워크', 1.5, 3.62, 2.69);
INSERT INTO grade (student_id, semester, course_name, course_grade, semester_grade, avg_grade) VALUES (202400048, 1, '선형대수', 4, 3.62, 2.69);
INSERT INTO grade (student_id, semester, course_name, course_grade, semester_grade, avg_grade) VALUES (202400048, 1, '경영과학', 4.5, 3.62, 2.69);
INSERT INTO grade (student_id, semester, course_name, course_grade, semester_grade, avg_grade) VALUES (202400048, 2, '소프트웨어공학', 3, 2.7, 2.69);
INSERT INTO grade (student_id, semester, course_name, course_grade, semester_grade, avg_grade) VALUES (202400048, 2, '선형대수', 3, 2.7, 2.69);
INSERT INTO grade (student_id, semester, course_name, course_grade, semester_grade, avg_grade) VALUES (202400048, 2, '재무관리', 3, 2.7, 2.69);
INSERT INTO grade (student_id, semester, course_name, course_grade, semester_grade, avg_grade) VALUES (202400048, 2, '공학수학', 2, 2.7, 2.69);
INSERT INTO grade (student_id, semester, course_name, course_grade, semester_grade, avg_grade) VALUES (202400048, 2, '마케팅원론', 2.5, 2.7, 2.69);
INSERT INTO grade (student_id, semester, course_name, course_grade, semester_grade, avg_grade) VALUES (202400048, 3, '선형대수', 3.5, 2.67, 2.69);
INSERT INTO grade (student_id, semester, course_name, course_grade, semester_grade, avg_grade) VALUES (202400048, 3, '회계원리', 1, 2.67, 2.69);
INSERT INTO grade (student_id, semester, course_name, course_grade, semester_grade, avg_grade) VALUES (202400048, 3, '공학수학', 3, 2.67, 2.69);
INSERT INTO grade (student_id, semester, course_name, course_grade, semester_grade, avg_grade) VALUES (202400048, 3, '인공지능', 3, 2.67, 2.69);
INSERT INTO grade (student_id, semester, course_name, course_grade, semester_grade, avg_grade) VALUES (202400048, 3, '경제학원론', 3, 2.67, 2.69);
INSERT INTO grade (student_id, semester, course_name, course_grade, semester_grade, avg_grade) VALUES (202400048, 3, '생산관리', 2.5, 2.67, 2.69);
INSERT INTO grade (student_id, semester, course_name, course_grade, semester_grade, avg_grade) VALUES (202400048, 4, '생산관리', 3.5, 2.08, 2.69);
INSERT INTO grade (student_id, semester, course_name, course_grade, semester_grade, avg_grade) VALUES (202400048, 4, '경제학원론', 1.5, 2.08, 2.69);
INSERT INTO grade (student_id, semester, course_name, course_grade, semester_grade, avg_grade) VALUES (202400048, 4, '공학수학', 0, 2.08, 2.69);
INSERT INTO grade (student_id, semester, course_name, course_grade, semester_grade, avg_grade) VALUES (202400048, 4, '경영과학', 2.5, 2.08, 2.69);
INSERT INTO grade (student_id, semester, course_name, course_grade, semester_grade, avg_grade) VALUES (202400048, 4, '재무관리', 2.5, 2.08, 2.69);
INSERT INTO grade (student_id, semester, course_name, course_grade, semester_grade, avg_grade) VALUES (202400048, 4, '조직행동론', 2.5, 2.08, 2.69);
INSERT INTO grade (student_id, semester, course_name, course_grade, semester_grade, avg_grade) VALUES (202400048, 5, '인공지능', 4, 2.4, 2.69);
INSERT INTO grade (student_id, semester, course_name, course_grade, semester_grade, avg_grade) VALUES (202400048, 5, '경제학원론', 2.5, 2.4, 2.69);
INSERT INTO grade (student_id, semester, course_name, course_grade, semester_grade, avg_grade) VALUES (202400048, 5, '머신러닝', 3.5, 2.4, 2.69);
INSERT INTO grade (student_id, semester, course_name, course_grade, semester_grade, avg_grade) VALUES (202400048, 5, '생산관리', 0, 2.4, 2.69);
INSERT INTO grade (student_id, semester, course_name, course_grade, semester_grade, avg_grade) VALUES (202400048, 5, '품질관리', 2, 2.4, 2.69);
INSERT INTO grade (student_id, semester, course_name, course_grade, semester_grade, avg_grade) VALUES (202000049, 1, '품질관리', 3.5, 3.38, 3.22);
INSERT INTO grade (student_id, semester, course_name, course_grade, semester_grade, avg_grade) VALUES (202000049, 1, '자료구조', 3.5, 3.38, 3.22);
INSERT INTO grade (student_id, semester, course_name, course_grade, semester_grade, avg_grade) VALUES (202000049, 1, '재무관리', 3.5, 3.38, 3.22);
INSERT INTO grade (student_id, semester, course_name, course_grade, semester_grade, avg_grade) VALUES (202000049, 1, '알고리즘', 3, 3.38, 3.22);
INSERT INTO grade (student_id, semester, course_name, course_grade, semester_grade, avg_grade) VALUES (202000049, 2, '마케팅원론', 4, 3.5, 3.22);
INSERT INTO grade (student_id, semester, course_name, course_grade, semester_grade, avg_grade) VALUES (202000049, 2, '생산관리', 3, 3.5, 3.22);
INSERT INTO grade (student_id, semester, course_name, course_grade, semester_grade, avg_grade) VALUES (202000049, 2, '재무관리', 3, 3.5, 3.22);
INSERT INTO grade (student_id, semester, course_name, course_grade, semester_grade, avg_grade) VALUES (202000049, 2, '조직행동론', 4, 3.5, 3.22);
INSERT INTO grade (student_id, semester, course_name, course_grade, semester_grade, avg_grade) VALUES (202000049, 3, '회계원리', 3.5, 2.5, 3.22);
INSERT INTO grade (student_id, semester, course_name, course_grade, semester_grade, avg_grade) VALUES (202000049, 3, '경영과학', 3, 2.5, 3.22);
INSERT INTO grade (student_id, semester, course_name, course_grade, semester_grade, avg_grade) VALUES (202000049, 3, '조직행동론', 2.5, 2.5, 3.22);
INSERT INTO grade (student_id, semester, course_name, course_grade, semester_grade, avg_grade) VALUES (202000049, 3, '자료구조', 4, 2.5, 3.22);
INSERT INTO grade (student_id, semester, course_name, course_grade, semester_grade, avg_grade) VALUES (202000049, 3, '데이터베이스', 1, 2.5, 3.22);
INSERT INTO grade (student_id, semester, course_name, course_grade, semester_grade, avg_grade) VALUES (202000049, 3, '공학수학', 1, 2.5, 3.22);
INSERT INTO grade (student_id, semester, course_name, course_grade, semester_grade, avg_grade) VALUES (202000049, 4, '소프트웨어공학', 2.5, 3.5, 3.22);
INSERT INTO grade (student_id, semester, course_name, course_grade, semester_grade, avg_grade) VALUES (202000049, 4, '경제학원론', 3.5, 3.5, 3.22);
INSERT INTO grade (student_id, semester, course_name, course_grade, semester_grade, avg_grade) VALUES (202000049, 4, '조직행동론', 3.5, 3.5, 3.22);
INSERT INTO grade (student_id, semester, course_name, course_grade, semester_grade, avg_grade) VALUES (202000049, 4, '공학수학', 4.5, 3.5, 3.22);
INSERT INTO grade (student_id, semester, course_name, course_grade, semester_grade, avg_grade) VALUES (201800050, 1, '조직행동론', 1.5, 2.88, 3.13);
INSERT INTO grade (student_id, semester, course_name, course_grade, semester_grade, avg_grade) VALUES (201800050, 1, '경영과학', 4, 2.88, 3.13);
INSERT INTO grade (student_id, semester, course_name, course_grade, semester_grade, avg_grade) VALUES (201800050, 1, '마케팅원론', 2, 2.88, 3.13);
INSERT INTO grade (student_id, semester, course_name, course_grade, semester_grade, avg_grade) VALUES (201800050, 1, '자료구조', 4, 2.88, 3.13);
INSERT INTO grade (student_id, semester, course_name, course_grade, semester_grade, avg_grade) VALUES (201800050, 2, '컴퓨터네트워크', 2, 3.38, 3.13);
INSERT INTO grade (student_id, semester, course_name, course_grade, semester_grade, avg_grade) VALUES (201800050, 2, '경제학원론', 4.5, 3.38, 3.13);
INSERT INTO grade (student_id, semester, course_name, course_grade, semester_grade, avg_grade) VALUES (201800050, 2, '확률과통계', 3, 3.38, 3.13);
INSERT INTO grade (student_id, semester, course_name, course_grade, semester_grade, avg_grade) VALUES (201800050, 2, '품질관리', 4, 3.38, 3.13);
